id,date,type,company,invoice,amount,notes,uid,uname,balance,time,ts,created_at,pos_reviewed,pos_reviewed_at,pos_reviewed_by,deleted,deleted_at,deleted_by
004f2b9b-d82f-4ac3-b81d-9e3a52118723,2026-08-05,طلبيات,تارجت,,1900,,YnGgwRjB33bhLbTtq5RSBQ8SYxG3,eltayebsayed07,885,00:18,1785881919368,2026-08-04 22:16:07.3365+00,true,1786706333593,mohamedeltayebreyad222,false,,
007bec2c-e5dc-4aa9-b2b0-706c999f2dee,2026-08-22,مصاريف,رواتب,حودة,400,,rDALGpUJulVTVGwLLgFcUL1Na6b2,mohamedeltayebreyad222,13140,00:30,1787434235052,2026-08-22 21:30:35.081256+00,false,,,false,,
00983fdf-f6c4-4ac2-876f-6a948ee05b20,2026-07-25,ايرادات,شيفت مسائي,,2595,,YnGgwRjB33bhLbTtq5RSBQ8SYxG3,eltayebsayed07,17135,00:54,1785020051709,2026-07-25 22:51:43.227622+00,false,,,false,,
00f61300-e3ba-430c-b27f-0a44bd689e4a,2026-07-20,ايرادات,شيفت مسائي,,3365,,zjRlLH5xqnM5cpimCUlhuOXDB6U2,helmgza,13900,02:10,1784506244796,2026-07-20 00:08:18.503009+00,false,,,false,,
010b99c5-8d77-4998-8906-f57eeff1d376,2026-08-22,ايرادات,شيفت مسائي,,3975,,3bVUQUWfroMh0Iu3FOqXgd3Rp9z2,habibaalsaid761,16000,01:22,1787354557244,2026-08-21 23:20:08.698688+00,false,,,false,,
014c39d2-2077-4a4f-8f33-0ffaf56b3ac0,2026-07-12,طلبيات,الصيادلة المصريين,19144,675,,zjRlLH5xqnM5cpimCUlhuOXDB6U2,helmgza,5080,13:18,1783855086332,2026-07-12 11:15:42.989898+00,true,1784393203804,mohamedeltayebreyad222,false,,
01bd3755-635f-43b3-9799-2eaf31903367,2026-08-22,ذمم اونلاين,محفظة الصيدلية,,1435,,zjRlLH5xqnM5cpimCUlhuOXDB6U2,helmgza,12790,23:08,1787432893749,2026-08-22 21:05:45.516537+00,false,,,true,1787593045631,mohamedeltayebreyad222
01f0036c-5f80-4b73-ac23-0eb2b135e794,2026-07-25,طلبيات,فارما جروب,,2770,بعد المرتجع,YnGgwRjB33bhLbTtq5RSBQ8SYxG3,eltayebsayed07,9095,12:28,1784975292150,2026-07-25 10:25:43.903565+00,true,1785192265169,mohamedeltayebreyad222,false,,
01f5ef59-b637-4de0-8566-4f5873b94284,2026-08-15,ايرادات,شيفت مسائي,,8370,زياده 275,3bVUQUWfroMh0Iu3FOqXgd3Rp9z2,habibaalsaid761,14215,02:00,1786838425034,2026-08-15 23:57:54.345041+00,false,,,false,,
020639ae-0dbe-4e46-839b-1202af57eb2c,2026-07-29,ايرادات,شيفت صباحي,,2610,,zjRlLH5xqnM5cpimCUlhuOXDB6U2,helmgza,6725,17:19,1785338369109,2026-07-29 15:16:59.231586+00,false,,,false,,
0273d0a9-9a18-4893-be03-867874ac3cc6,2026-08-07,طلبيات,الابرار,,5800,,zjRlLH5xqnM5cpimCUlhuOXDB6U2,helmgza,5490,13:20,1786101611163,2026-08-07 11:17:39.691802+00,true,1786705520810,mohamedeltayebreyad222,false,,
02f026bd-e52a-4bc6-996e-b33a03c02344,2026-07-10,مصاريف,رواتب,ياسين,250,,YnGgwRjB33bhLbTtq5RSBQ8SYxG3,eltayebsayed07,9995,01:13,1783725180910,2026-07-10 23:10:38.217497+00,true,1786711809624,mohamedeltayebreyad222,false,,
03213e48-5f71-4dfc-9ed0-02196488740d,2026-07-14,ايرادات,شيفت صباحي,,3785,,zjRlLH5xqnM5cpimCUlhuOXDB6U2,helmgza,8445,18:22,1784046121870,2026-07-14 16:19:37.34327+00,false,,,false,,
04fcc0f6-c7db-45f5-8dce-6ce408733061,2026-07-30,طلبيات,اليكس واي,43228/43231,895,بعد مرتجع برايم روز,YnGgwRjB33bhLbTtq5RSBQ8SYxG3,eltayebsayed07,8435,12:39,1785407966454,2026-07-30 10:36:55.868594+00,true,1785529112484,mohamedeltayebreyad222,false,,
0565ab3f-3133-4387-b91e-ee44045043d8,2026-07-25,طلبيات,تارجت,,520,,YnGgwRjB33bhLbTtq5RSBQ8SYxG3,eltayebsayed07,7405,17:10,1784992214954,2026-07-25 15:07:46.642216+00,true,1785192076272,mohamedeltayebreyad222,false,,
05681b04-571c-44c7-bc16-654e475400fa,2026-08-25,مصاريف,إنترنت,,70,نت ارضي,3bVUQUWfroMh0Iu3FOqXgd3Rp9z2,habibaalsaid761,10370,12:37,1787654223309,2026-08-25 10:34:36.098509+00,false,,,false,,
05fd8c34-796d-4e9c-b1f6-914fba9c8375,2026-07-19,طلبيات,شراء ادوية 50%,,110,,zjRlLH5xqnM5cpimCUlhuOXDB6U2,helmgza,3865,19:11,1784481071170,2026-07-19 17:08:45.063272+00,true,1785192363720,mohamedeltayebreyad222,false,,
0633227e-6303-42e5-a349-9095a00420a3,2026-08-07,طلبيات,نفرتيتي,,2050,,zjRlLH5xqnM5cpimCUlhuOXDB6U2,helmgza,6725,20:15,1786126525309,2026-08-07 18:12:53.813736+00,true,1786706877328,mohamedeltayebreyad222,false,,
06e9f474-9463-4f98-a14c-3459123471bb,2026-08-14,طلبيات,نفرتيتي,,370,,YnGgwRjB33bhLbTtq5RSBQ8SYxG3,eltayebsayed07,17060,14:49,1786711749688,2026-08-14 12:46:39.038878+00,true,1786817975290,mohamedeltayebreyad222,false,,
0700bd04-7e9a-4d92-9ea5-7cb8bb99c589,2026-08-22,ذمم اونلاين,محفظة الصيدلية,,45,,zjRlLH5xqnM5cpimCUlhuOXDB6U2,helmgza,14225,22:40,1787431241540,2026-08-22 20:38:13.347601+00,false,,,true,1787593155034,mohamedeltayebreyad222
073d4ca7-bb9b-444c-9834-c2aaf760331b,2026-08-23,ذمم اونلاين,محفظة الصيدلية,,485,,rDALGpUJulVTVGwLLgFcUL1Na6b2,mohamedeltayebreyad222,11260,19:59,1787767150550,2026-08-26 16:59:17.159303+00,true,1788110968995,mohamedeltayebreyad222,false,,
0766fbbe-fe95-420a-94fe-13ea5d92968c,2026-08-03,مصاريف,رواتب,السيد,650,,YnyOSR0xMMRKYHqcWf9Byd0XQsG2,طارق التايب,16305,01:56,1785714996072,2026-08-02 23:54:04.626819+00,false,1786711956923,mohamedeltayebreyad222,false,,
07a23c45-4163-487d-828a-dc8ad0a09f1d,2026-08-10,طلبيات,نيو طيبة,51441,870,,zjRlLH5xqnM5cpimCUlhuOXDB6U2,helmgza,11140,01:14,1786403660450,2026-08-10 23:11:48.566227+00,true,1786706594088,mohamedeltayebreyad222,false,,
0803c773-2c89-4181-b4f2-96d9fec5a3c5,2026-08-22,ايرادات,تسوية ذمم أونلاين,,390,تسوية: انستا باي — 2026-08-19,rDALGpUJulVTVGwLLgFcUL1Na6b2,mohamedeltayebreyad222,13105,22:24,1787426693781,2026-08-22 19:24:53.978067+00,false,,,true,1787502643613,mohamedeltayebreyad222
08151a24-3de7-4a63-bd9c-7f14380238e8,2026-08-09,طلبيات,ميراميديكال,,4900,,3bVUQUWfroMh0Iu3FOqXgd3Rp9z2,habibaalsaid761,12330,15:16,1786281392541,2026-08-09 13:14:00.553252+00,true,1786705832467,mohamedeltayebreyad222,false,,
085e875f-6d11-4b21-9d79-8739991e667c,2026-08-10,ذمم اونلاين,انستا باي,,320,,3bVUQUWfroMh0Iu3FOqXgd3Rp9z2,habibaalsaid761,9615,14:29,1786364942343,2026-08-10 12:26:30.622315+00,false,,,true,1786714769663,mohamedeltayebreyad222
08eb37dd-368c-4089-a0e2-830bf49a3488,2026-08-02,طلبيات,ميراميديكال,,915,,zjRlLH5xqnM5cpimCUlhuOXDB6U2,helmgza,170,17:20,1785684004768,2026-08-02 15:17:33.502273+00,true,1786705832467,mohamedeltayebreyad222,false,,
090fe8de-91bd-42ac-a40c-917be43f2093,2026-08-24,طلبيات,ميراميديكال,,815,بعد مرتجع فيزان,3bVUQUWfroMh0Iu3FOqXgd3Rp9z2,habibaalsaid761,3585,17:19,1787584743116,2026-08-24 15:16:34.625034+00,true,1787694213972,mohamedeltayebreyad222,false,,
09389206-cfa6-4577-a5b1-7def7f8dcd1f,2026-08-11,ايرادات,شيفت مسائي,,5995,,zjRlLH5xqnM5cpimCUlhuOXDB6U2,helmgza,17135,01:20,1786404006603,2026-08-10 23:17:34.640319+00,false,,,false,,
0986e521-12e2-45b6-b83f-98c211c9fc84,2026-07-12,طلبيات,3N,16322,1425,,zjRlLH5xqnM5cpimCUlhuOXDB6U2,helmgza,9480,11:03,1783847009631,2026-07-12 09:01:06.308317+00,true,1784392165313,mohamedeltayebreyad222,false,,
0998ed71-e4d0-48d7-b140-d04ed3282a00,2026-07-14,طلبيات,فارما جروب,,995,,zjRlLH5xqnM5cpimCUlhuOXDB6U2,helmgza,5995,17:51,1784044300604,2026-07-14 15:49:16.096365+00,true,1784396033594,mohamedeltayebreyad222,false,,
09ccc2a2-2910-4db9-87d6-e4d5c64a5017,2026-07-15,طلبيات,نفرتيتي,,1155,,zjRlLH5xqnM5cpimCUlhuOXDB6U2,helmgza,6480,00:09,1784153373541,2026-07-15 22:07:09.2268+00,true,1784398216041,mohamedeltayebreyad222,false,,
0a1d7f5f-d9e6-4752-94da-1ec59840db7e,2026-07-28,مصاريف,رواتب,ياسين,50,,zjRlLH5xqnM5cpimCUlhuOXDB6U2,helmgza,825,00:51,1785279072666,2026-07-28 22:48:42.536359+00,true,1786711809624,mohamedeltayebreyad222,false,,
0a82feeb-3e75-4697-895e-4b2fddb53cde,2026-07-11,طلبيات,ميديسين,23252,790,,YnGgwRjB33bhLbTtq5RSBQ8SYxG3,eltayebsayed07,6575,13:45,1783770359164,2026-07-11 11:43:36.48398+00,true,1784397840904,mohamedeltayebreyad222,false,,
0aa71b9e-a0fe-4321-9120-9c1c67b9bbb6,2026-08-03,طلبيات,هيلثى فارم,28051,525,,YnGgwRjB33bhLbTtq5RSBQ8SYxG3,eltayebsayed07,13190,17:52,1785772344300,2026-08-03 15:49:52.487236+00,true,1786706758228,mohamedeltayebreyad222,false,,
0aae34ca-ee1e-4ef9-990c-66a565ecc04b,2026-07-24,ايرادات,شيفت مسائي,,11835,65 زياده,zjRlLH5xqnM5cpimCUlhuOXDB6U2,helmgza,18890,01:54,1784850888377,2026-07-23 23:52:20.734444+00,false,,,false,,
0ac073c7-30b7-4f94-b209-b4d7f475bc46,2026-07-13,طلبيات,شراء ادوية 50%,,110,,zjRlLH5xqnM5cpimCUlhuOXDB6U2,helmgza,8055,21:34,1783971283735,2026-07-13 19:32:19.863751+00,true,1784394784818,mohamedeltayebreyad222,false,,
0ae3bf5d-3afe-4fdd-ae04-2c2155627975,2026-08-08,ايرادات,شيفت صباحي,,3750,,3bVUQUWfroMh0Iu3FOqXgd3Rp9z2,habibaalsaid761,16235,17:31,1786203084532,2026-08-08 15:28:53.00498+00,false,,,false,,
0b2e6f6a-d13d-465e-9cba-00bf76a6182e,2026-08-04,ايرادات,شيفت صباحي,,2140,زياده 235,YnGgwRjB33bhLbTtq5RSBQ8SYxG3,eltayebsayed07,9755,17:00,1785855617580,2026-08-04 14:57:45.669777+00,false,,,false,,
0b52e447-5ec5-489d-a077-3b3f863cce23,2026-07-29,ايرادات,شيفت مسائي,,2500,,YnGgwRjB33bhLbTtq5RSBQ8SYxG3,eltayebsayed07,12705,01:16,1785366965178,2026-07-29 23:13:35.276575+00,false,,,false,,
0bb34e73-f524-43c6-9bbb-7fe7a2b5e1fe,2026-08-22,ذمم اونلاين,محفظة الصيدلية,,105,,3bVUQUWfroMh0Iu3FOqXgd3Rp9z2,habibaalsaid761,8660,17:17,1787411861096,2026-08-22 15:15:12.917837+00,true,1787427111918,mohamedeltayebreyad222,true,1787593229928,mohamedeltayebreyad222
0c3bf382-80c6-4e13-8c3d-64289ecfa3b5,2026-07-30,طلبيات,3N,18281,1135,,YnGgwRjB33bhLbTtq5RSBQ8SYxG3,eltayebsayed07,10970,10:41,1785400905159,2026-07-30 08:39:14.593352+00,true,1785526437029,mohamedeltayebreyad222,false,,
0d06dcef-d2b5-4922-88e0-1d7b71ce8c2d,2026-07-14,مصاريف,رواتب,ياسين,200,,zjRlLH5xqnM5cpimCUlhuOXDB6U2,helmgza,7380,02:17,1784074659580,2026-07-15 00:15:14.969399+00,true,1786711809624,mohamedeltayebreyad222,false,,
0d1ad4fd-f621-44d7-a87f-4c2c54cf5a15,2026-08-26,مصاريف,رواتب,محمد,50,,zjRlLH5xqnM5cpimCUlhuOXDB6U2,helmgza,5375,01:01,1787785273111,2026-08-26 22:58:45.690745+00,false,,,false,,
0dfe949c-cb6d-4fd4-a65c-36cb1683a9b6,2026-08-13,طلبيات,نيو طيبة,,855,,3bVUQUWfroMh0Iu3FOqXgd3Rp9z2,habibaalsaid761,11590,14:18,1786623522636,2026-08-13 12:16:11.694184+00,true,1786706594088,mohamedeltayebreyad222,false,,
0e1fa98e-e251-4331-8ca6-fde1ecf11f11,2026-07-20,ايرادات,شيفت صباحي,,3780,زياده 100,3bVUQUWfroMh0Iu3FOqXgd3Rp9z2,habibaalsaid761,11970,17:27,1784561234209,2026-07-20 15:24:47.89949+00,false,,,false,,
0ed89848-fee5-4d93-a8d8-39d21580f67f,2026-08-13,ذمم اونلاين,محفظة الصيدلية,,210,,zjRlLH5xqnM5cpimCUlhuOXDB6U2,helmgza,12120,00:02,1786658568611,2026-08-13 22:00:17.530989+00,true,1786713606478,mohamedeltayebreyad222,true,1786714726846,mohamedeltayebreyad222
0f060292-a82c-4a55-9d9c-9ed1ecd22518,2026-07-28,طلبيات,تارجت,,580,,zjRlLH5xqnM5cpimCUlhuOXDB6U2,helmgza,1005,23:07,1785272850283,2026-07-28 21:05:00.182211+00,true,1785529180180,mohamedeltayebreyad222,false,,
0f1680db-a5d8-4482-b70d-fba7e43f1b15,2026-08-13,طلبيات,هيلثى فارم,,380,,YnGgwRjB33bhLbTtq5RSBQ8SYxG3,eltayebsayed07,13765,17:59,1786636769064,2026-08-13 15:56:58.077493+00,true,1786706758228,mohamedeltayebreyad222,false,,
0f289bb7-691a-4c04-9dba-3cf7e4b713a4,2026-07-31,طلبيات,شراء ادوية 50%,,525,,zjRlLH5xqnM5cpimCUlhuOXDB6U2,helmgza,13225,22:53,1785531229770,2026-07-31 20:51:19.223982+00,true,1785618382212,mohamedeltayebreyad222,false,,
0f5569ea-eb48-4cab-a2a8-2f15595c1844,2026-07-19,طلبيات,ميراميديكال,77171,1030,,YnGgwRjB33bhLbTtq5RSBQ8SYxG3,eltayebsayed07,11330,20:02,1784484126632,2026-07-19 17:59:40.414521+00,true,1785191754878,mohamedeltayebreyad222,false,,
0f879f1e-753b-4c2f-8125-59b0c60f8c9e,2026-07-26,طلبيات,فارما جروب,,3370,,YnGgwRjB33bhLbTtq5RSBQ8SYxG3,eltayebsayed07,6765,12:01,1785060063838,2026-07-26 09:58:35.055006+00,true,1785192265169,mohamedeltayebreyad222,false,,
0f9a1973-de17-4a07-b897-4152a168132e,2026-07-23,طلبيات,تارجت,,730,,zjRlLH5xqnM5cpimCUlhuOXDB6U2,helmgza,20415,17:26,1784820389504,2026-07-23 15:24:01.956437+00,true,1785192076272,mohamedeltayebreyad222,false,,
0fb8ece9-c818-41c4-9249-c36f4bb0ce92,2026-08-11,ايرادات,شيفت مسائي,,11560,عجز 3 جنيه,zjRlLH5xqnM5cpimCUlhuOXDB6U2,helmgza,15325,02:13,1786493581442,2026-08-12 00:10:30.63473+00,false,,,false,,
104a951b-fe80-440e-ac65-43738ae32132,2026-07-31,مصاريف,مواصلات,,15,,zjRlLH5xqnM5cpimCUlhuOXDB6U2,helmgza,12280,02:15,1785543352935,2026-08-01 00:13:22.311975+00,true,1785619153264,mohamedeltayebreyad222,false,,
10e1bfaf-6ecd-4e6b-afe0-da2940bb9b6f,2026-07-30,طلبيات,شراء ادوية 50%,,230,,YnGgwRjB33bhLbTtq5RSBQ8SYxG3,eltayebsayed07,8310,22:04,1785441845141,2026-07-30 20:01:34.504048+00,true,1785526408114,mohamedeltayebreyad222,false,,
110fb037-2aa0-4a45-8dbf-53ec3b724cec,2026-07-20,طلبيات,مودرن فارما,77373,920,,zjRlLH5xqnM5cpimCUlhuOXDB6U2,helmgza,9365,14:25,1784550330223,2026-07-20 12:23:03.927766+00,true,1785192949517,mohamedeltayebreyad222,false,,
11a9aabe-5aab-4939-a8e7-dead896792af,2026-07-27,ايرادات,شيفت مسائي,,4890,زياده 25,zjRlLH5xqnM5cpimCUlhuOXDB6U2,helmgza,9400,01:54,1785196458689,2026-07-27 23:51:49.433593+00,false,,,false,,
11f55539-a418-49fa-a7ac-3bd145ad1605,2026-08-15,مصاريف,مستلزمات نظافة,,80,كوبيات,3bVUQUWfroMh0Iu3FOqXgd3Rp9z2,habibaalsaid761,6690,22:58,1786827493204,2026-08-15 20:55:42.576956+00,false,,,false,,
130cdfb7-06b8-434a-a68c-2b375ec17178,2026-07-15,طلبيات,فارما جروب,249505/249458/249476/4079464/249481,12170,,zjRlLH5xqnM5cpimCUlhuOXDB6U2,helmgza,8390,11:46,1784108784540,2026-07-15 09:43:59.732649+00,true,1784396033594,mohamedeltayebreyad222,false,,
135d62c2-e846-4c3f-a481-468b211f1bfd,2026-08-11,طلبيات,فارما جروب,,5370,بعد المرتجع,zjRlLH5xqnM5cpimCUlhuOXDB6U2,helmgza,6365,12:06,1786442788979,2026-08-11 10:03:57.980715+00,true,1786708915215,mohamedeltayebreyad222,false,,
139c5758-ae2e-4d32-82e8-8b73d71df730,2026-08-30,طلبيات,نفرتيتي,,415,,3bVUQUWfroMh0Iu3FOqXgd3Rp9z2,habibaalsaid761,14300,12:44,1788086650996,2026-08-30 10:41:44.328806+00,false,,,false,,
13b890f5-3444-4f65-9b86-615ef00469c7,2026-08-14,ذمم اونلاين,محفظة الصيدلية,,135,,YnGgwRjB33bhLbTtq5RSBQ8SYxG3,eltayebsayed07,5070,22:55,1786740909457,2026-08-14 20:52:38.796651+00,true,1787427189584,mohamedeltayebreyad222,true,1787593229928,mohamedeltayebreyad222
13f9716e-08de-48e6-a3d2-ff3732d2e22f,2026-07-16,طلبيات,كير,,190,بان كير,zjRlLH5xqnM5cpimCUlhuOXDB6U2,helmgza,9045,19:37,1784223476720,2026-07-16 17:35:32.445521+00,true,1785529712466,mohamedeltayebreyad222,false,,
142309f6-13de-4000-b7c9-4f4640bcc534,2026-08-14,مصاريف,إنترنت,,450,دكتور محمد,YnGgwRjB33bhLbTtq5RSBQ8SYxG3,eltayebsayed07,4620,02:29,1786753765917,2026-08-15 00:26:55.139855+00,false,,,false,,
14b1474f-6161-4c54-a1af-0c0cfdc8a466,2026-08-26,طلبيات,شراء ادوية 50%,,20,,3bVUQUWfroMh0Iu3FOqXgd3Rp9z2,habibaalsaid761,13715,09:54,1787730851813,2026-08-26 07:51:44.67019+00,false,,,false,,
153d268c-6f0a-41f4-853d-acef1690ceee,2026-08-23,طلبيات,فارما جروب,24660,5110,,zjRlLH5xqnM5cpimCUlhuOXDB6U2,helmgza,10085,12:26,1787480790764,2026-08-23 10:24:02.57429+00,true,1787684644444,mohamedeltayebreyad222,false,,
156f1fb9-e2f4-416b-a9f2-18f6c4c786e8,2026-07-26,طلبيات,فارما اوفر سيز,,31000,,rDALGpUJulVTVGwLLgFcUL1Na6b2,mohamedeltayebreyad222,14540,00:01,1785013276693,2026-07-25 21:01:16.593774+00,true,1785192413714,mohamedeltayebreyad222,false,,
15a4c709-8ccc-4a58-bab9-cbdcfae456eb,2026-07-26,طلبيات,شراء ادوية 50%,,115,,YnGgwRjB33bhLbTtq5RSBQ8SYxG3,eltayebsayed07,10380,21:16,1785093404735,2026-07-26 19:14:15.739575+00,true,1785192363720,mohamedeltayebreyad222,false,,
16705181-364d-4c72-a227-cb4d70532c04,2026-07-10,طلبيات,الابرار,73632//73655,2355,,zjRlLH5xqnM5cpimCUlhuOXDB6U2,helmgza,13540,17:34,1783697694737,2026-07-10 15:32:32.179789+00,true,1784393018646,mohamedeltayebreyad222,false,,
1685d7da-6dc1-4795-9b2f-296cf3012e8b,2026-08-22,طلبيات,ميراميديكال,,1445,,zjRlLH5xqnM5cpimCUlhuOXDB6U2,helmgza,11895,20:18,1787422735798,2026-08-22 18:16:27.579508+00,true,1787431809353,mohamedeltayebreyad222,false,,
168e063d-e918-4c57-9bb0-f34403852aa1,2026-07-18,طلبيات,سبشيال فارما,28192,805,,zjRlLH5xqnM5cpimCUlhuOXDB6U2,helmgza,13830,13:24,1784373879498,2026-07-18 11:22:13.721312+00,true,1784394102135,mohamedeltayebreyad222,false,,
16b2c11f-b194-4490-81b2-4c7788ba49a1,2026-08-13,ذمم اونلاين,محفظة الصيدلية,,240,,3bVUQUWfroMh0Iu3FOqXgd3Rp9z2,habibaalsaid761,12315,17:38,1786635486358,2026-08-13 15:35:35.390134+00,true,1786713612476,mohamedeltayebreyad222,true,1786714726846,mohamedeltayebreyad222
17745acc-39ce-457c-b62a-50e659242af5,2026-07-13,طلبيات,ميراميديكال,70768,550,,3bVUQUWfroMh0Iu3FOqXgd3Rp9z2,habibaalsaid761,8915,14:46,1783946798170,2026-07-13 12:44:14.290829+00,true,1784397865790,mohamedeltayebreyad222,false,,
17ce8616-6bf9-4290-8fcf-84e965020724,2026-07-31,مصاريف,رواتب,محمد,100,,zjRlLH5xqnM5cpimCUlhuOXDB6U2,helmgza,13975,19:25,1785518731810,2026-07-31 17:23:01.279836+00,true,1786711809624,mohamedeltayebreyad222,false,,
1817114a-7a4e-4dbc-8e7b-070905a46677,2026-08-27,طلبيات,نفرتيتي,,70,,zjRlLH5xqnM5cpimCUlhuOXDB6U2,helmgza,6745,15:34,1787837691993,2026-08-27 13:32:25.17767+00,false,,,false,,
1908d6be-5183-495a-b9e3-9652a7aa231d,2026-08-26,طلبيات,كير,,270,,zjRlLH5xqnM5cpimCUlhuOXDB6U2,helmgza,10990,21:27,1787772470358,2026-08-26 19:25:23.049322+00,false,,,false,,
19b35b6b-e861-4772-a2fd-95b3823a0355,2026-08-06,ايرادات,شيفت مسائي,,9890,,zjRlLH5xqnM5cpimCUlhuOXDB6U2,helmgza,10090,02:26,1785975961820,2026-08-06 00:23:29.38151+00,false,,,false,,
19d95e8f-1805-4a92-939b-8b6b716b2b9b,2026-07-09,مصاريف,رصيد,,80,,zjRlLH5xqnM5cpimCUlhuOXDB6U2,helmgza,11195,18:00,1783612809972,2026-07-09 15:57:47.751314+00,true,1784398491476,mohamedeltayebreyad222,false,,
1b7e4566-a7b3-4aee-b284-22c80319408a,2026-07-17,طلبيات,نفرتيتي,,230,,zjRlLH5xqnM5cpimCUlhuOXDB6U2,helmgza,11740,23:41,1784324491365,2026-07-17 21:39:06.498259+00,true,1784398216041,mohamedeltayebreyad222,false,,
1b836dbb-6fa5-4e9a-91ae-4fa0d36e2a31,2026-08-04,طلبيات,هيلثى فارم,28525,980,,YnGgwRjB33bhLbTtq5RSBQ8SYxG3,eltayebsayed07,4485,18:21,1785860513061,2026-08-04 16:19:21.174167+00,true,1786706758228,mohamedeltayebreyad222,false,,
1be20f8c-635a-4194-ba4e-24219f67755c,2026-08-06,طلبيات,فارما جروب,,8645,,zjRlLH5xqnM5cpimCUlhuOXDB6U2,helmgza,1010,17:25,1786029902406,2026-08-06 15:22:30.1792+00,true,1786816349134,mohamedeltayebreyad222,false,,
1da3d45d-7936-4b54-9864-ad3fd9e1ee35,2026-08-05,طلبيات,فارما جروب,6594,620,بعد المرتجع,zjRlLH5xqnM5cpimCUlhuOXDB6U2,helmgza,730,17:07,1785942452716,2026-08-05 15:05:00.440902+00,true,1786710510743,mohamedeltayebreyad222,false,,
1dd34b12-0e2e-4b54-8a96-58983f7dbda3,2026-08-15,مصاريف,رواتب,حسين,300,,YnGgwRjB33bhLbTtq5RSBQ8SYxG3,eltayebsayed07,10610,02:48,1786754901867,2026-08-15 00:45:51.061714+00,false,,,false,,
1dd8749d-fa5c-48e0-bec2-5231a37b87cf,2026-08-07,ذمم اونلاين,محفظة الصيدلية,,575,,zjRlLH5xqnM5cpimCUlhuOXDB6U2,helmgza,4695,16:19,1786112362846,2026-08-07 14:16:51.335071+00,true,1786226988203,mohamedeltayebreyad222,true,1786714726846,mohamedeltayebreyad222
1e48b9f4-3856-4a45-ab74-f986ba522d77,2026-07-22,طلبيات,نيو طيبة,,555,,zjRlLH5xqnM5cpimCUlhuOXDB6U2,helmgza,7285,23:29,1784755797462,2026-07-22 21:27:29.773099+00,true,1785192877568,mohamedeltayebreyad222,false,,
1E8sBNdTo25ef7yNla7w,2026-07-07,طلبيات,نفرتيتي,2628,1300,,YnGgwRjB33bhLbTtq5RSBQ8SYxG3,السيد التايب,6235,,1783378311682,2026-07-08 22:09:58.316966+00,true,1783462094599,محمد التايب,false,,
1fd8cd08-832d-4ab9-8a2d-9bd9351b646f,2026-07-22,ايرادات,شيفت صباحي,,2970,15 عجز,zjRlLH5xqnM5cpimCUlhuOXDB6U2,helmgza,9995,17:38,1784734699858,2026-07-22 15:35:52.360636+00,false,,,false,,
1ff44d05-fd7d-4994-b5f1-8a92525666b9,2026-08-18,طلبيات,اليكس واي,,995,,YnyOSR0xMMRKYHqcWf9Byd0XQsG2,طارق التايب,12445,12:13,1787047999656,2026-08-18 10:10:49.654265+00,true,1787431138815,mohamedeltayebreyad222,false,,
1ptsf55IRMFBIa16BuL4,2026-07-08,طلبيات,عابدين,,2110,,zjRlLH5xqnM5cpimCUlhuOXDB6U2,حسين احمد,10140,19:45,1783532712731,2026-07-08 22:09:58.316966+00,true,1784396996598,mohamedeltayebreyad222,false,,
20688a1d-5c57-46eb-bbc9-6a5739c39b5d,2026-08-26,مصاريف,مواصلات,,10,,zjRlLH5xqnM5cpimCUlhuOXDB6U2,helmgza,10980,21:28,1787772494994,2026-08-26 19:25:47.608562+00,false,,,false,,
2148792e-68b7-4476-bbac-94ca685460ee,2026-08-27,ذمم اونلاين,محفظة الصيدلية,,800,,zjRlLH5xqnM5cpimCUlhuOXDB6U2,helmgza,11310,10:54,1787820868658,2026-08-27 08:52:01.860059+00,true,1788110902871,mohamedeltayebreyad222,true,1788114076511,mohamedeltayebreyad222
215e5e04-683b-49f3-900f-eb888351cce9,2026-08-16,طلبيات,هيلثى فارم,,350,"MOVINERVE TAB
primrose tab",3bVUQUWfroMh0Iu3FOqXgd3Rp9z2,habibaalsaid761,13200,17:33,1786894395188,2026-08-16 15:30:44.494008+00,true,1787433520326,mohamedeltayebreyad222,false,,
219b1719-8051-437c-a888-d4828881b7fe,2026-08-06,طلبيات,ميجا ستور,,360,,zjRlLH5xqnM5cpimCUlhuOXDB6U2,helmgza,125,17:40,1786030821939,2026-08-06 15:37:49.72698+00,true,1786705893970,mohamedeltayebreyad222,false,,
226418c5-be04-4c1b-96df-45661e64d314,2026-07-09,ايرادات,شيفت مسائي,,6435,زياده44,zjRlLH5xqnM5cpimCUlhuOXDB6U2,helmgza,15895,02:26,1783643184096,2026-07-10 00:24:01.747266+00,false,,,false,,
236b643b-16dc-4f88-a003-2bfc4c171132,2026-08-07,ايرادات,شيفت صباحي,,4850,زياده 2 جنيه,zjRlLH5xqnM5cpimCUlhuOXDB6U2,helmgza,9375,18:33,1786120410921,2026-08-07 16:30:59.442603+00,false,,,false,,
23832f44-5181-4800-be23-605127fea44e,2026-08-29,مصاريف,اكياس,,100,,3bVUQUWfroMh0Iu3FOqXgd3Rp9z2,habibaalsaid761,4480,17:49,1788018584193,2026-08-29 15:47:16.993705+00,false,,,false,,
238d81f1-8245-4e19-8de8-c1ae4b965779,2026-07-20,طلبيات,نبض,153655,1245,,zjRlLH5xqnM5cpimCUlhuOXDB6U2,helmgza,12000,13:14,1784546093921,2026-07-20 11:12:27.648757+00,true,1785193008861,mohamedeltayebreyad222,false,,
23b100db-b390-4237-8ac9-ded9c5c7951e,2026-08-21,ايرادات,شيفت مسائي,,7310,,3bVUQUWfroMh0Iu3FOqXgd3Rp9z2,habibaalsaid761,16615,02:40,1787272839885,2026-08-21 00:38:11.24997+00,false,,,false,,
24db3dfc-6c2e-4ed5-9424-8d391082e88f,2026-08-03,طلبيات,ميراميديكال,3572,1390,,YnGgwRjB33bhLbTtq5RSBQ8SYxG3,eltayebsayed07,13715,17:45,1785771957632,2026-08-03 15:43:25.811707+00,true,1786705832467,mohamedeltayebreyad222,false,,
252e539f-feac-437b-8fd0-95b20a0dc0f5,2026-07-30,طلبيات,تارجت,,520,,YnGgwRjB33bhLbTtq5RSBQ8SYxG3,eltayebsayed07,7790,23:04,1785445449676,2026-07-30 21:01:39.030328+00,true,1785529180180,mohamedeltayebreyad222,false,,
2584a9fc-e862-4f9b-b463-f42a6af47158,2026-08-03,طلبيات,نيو ميديسن,28905,885,,YnGgwRjB33bhLbTtq5RSBQ8SYxG3,eltayebsayed07,10505,22:26,1785788800193,2026-08-03 20:24:08.292384+00,true,1786706793185,mohamedeltayebreyad222,false,,
25f24ae5-70b1-45ca-adc4-d23c795b32cc,2026-08-27,طلبيات,نفرتيتي,,1315,,zjRlLH5xqnM5cpimCUlhuOXDB6U2,helmgza,6815,15:32,1787837575185,2026-08-27 13:30:28.279584+00,false,,,false,,
26455544-5d77-4fbf-bf9d-56914e097349,2026-08-26,ذمم اونلاين,محفظة الصيدلية,,45,,3bVUQUWfroMh0Iu3FOqXgd3Rp9z2,habibaalsaid761,9710,14:52,1787748745104,2026-08-26 12:49:57.895093+00,true,1788111001647,mohamedeltayebreyad222,true,1788114076511,mohamedeltayebreyad222
26a4f001-d132-4c78-9cf2-a23c5025115b,2026-08-12,ذمم اونلاين,انستا باي,,610,,zjRlLH5xqnM5cpimCUlhuOXDB6U2,helmgza,7530,22:38,1786567139070,2026-08-12 20:36:27.584224+00,false,,,true,1786714769663,mohamedeltayebreyad222
27e6e2a7-7bc2-47e6-9d4e-d53ef21416fb,2026-08-03,طلبيات,سبشيال فارما,,870,,3bVUQUWfroMh0Iu3FOqXgd3Rp9z2,habibaalsaid761,11685,13:21,1785756077871,2026-08-03 11:18:46.102287+00,true,1786707041424,mohamedeltayebreyad222,false,,
2845f54e-a3bb-45ec-9964-d6d471e7ddc9,2026-08-12,ذمم اونلاين,محفظة الصيدلية,,160,,zjRlLH5xqnM5cpimCUlhuOXDB6U2,helmgza,7330,15:04,1786539897759,2026-08-12 13:02:26.478971+00,true,1786713627217,mohamedeltayebreyad222,true,1786714726846,mohamedeltayebreyad222
2856cbd3-7005-48b9-a7bb-c64b5e6b7b7f,2026-08-14,طلبيات,شراء ادوية 50%,,6000,,rDALGpUJulVTVGwLLgFcUL1Na6b2,mohamedeltayebreyad222,18615,16:55,1786715709661,2026-08-14 13:55:09.200798+00,true,1786817624271,mohamedeltayebreyad222,false,,
288f5b77-85ff-453f-8450-c206e4010f24,2026-07-29,مصاريف,صيانة عجلة,,420,,zjRlLH5xqnM5cpimCUlhuOXDB6U2,helmgza,5275,19:32,1785346345622,2026-07-29 17:29:55.822087+00,true,1785620807096,mohamedeltayebreyad222,false,,
28aebadc-78fb-4249-add4-063800c6d290,2026-07-11,مصاريف,عجلة,,30,,YnGgwRjB33bhLbTtq5RSBQ8SYxG3,eltayebsayed07,7365,13:38,1783769889994,2026-07-11 11:35:47.386089+00,true,1784398375046,mohamedeltayebreyad222,false,,
28cf3c03-ffe9-4593-9450-5d8decdddd72,2026-08-22,ايرادات,تسوية ذمم أونلاين,,245,تسوية: انستا باي — 2026-08-15,rDALGpUJulVTVGwLLgFcUL1Na6b2,mohamedeltayebreyad222,13765,22:25,1787426705138,2026-08-22 19:25:05.242114+00,false,,,true,1787502643613,mohamedeltayebreyad222
28e339f3-702c-4707-b9f5-a220fd2453e0,2026-07-24,مصاريف,صيانة عجلة,,200,,YnGgwRjB33bhLbTtq5RSBQ8SYxG3,eltayebsayed07,5750,23:50,1784929800541,2026-07-24 21:47:32.082108+00,true,1785193622054,mohamedeltayebreyad222,false,,
291a572e-8a1b-41b2-971c-231e404c7c4c,2026-08-23,طلبيات,كيو فارما,56635,1005,,zjRlLH5xqnM5cpimCUlhuOXDB6U2,helmgza,7125,21:33,1787513612696,2026-08-23 19:31:04.37045+00,true,1787684741878,mohamedeltayebreyad222,false,,
292423f2-2057-4161-b874-f7928463f4ae,2026-08-05,مصاريف,رواتب,محمد,100,,zjRlLH5xqnM5cpimCUlhuOXDB6U2,helmgza,930,22:12,1785960732925,2026-08-05 20:09:40.61805+00,false,1786711976607,mohamedeltayebreyad222,false,,
298d9a9d-72c9-4c71-9add-f831b654e64e,2026-07-23,ايرادات,شيفت صباحي,,3940,,zjRlLH5xqnM5cpimCUlhuOXDB6U2,helmgza,24355,17:37,1784821054539,2026-07-23 15:35:06.982133+00,false,,,false,,
29c8f4da-63bd-4ba9-b72d-ccb4c2148a8e,2026-08-21,ذمم اونلاين,محفظة الصيدلية,,160,,3bVUQUWfroMh0Iu3FOqXgd3Rp9z2,habibaalsaid761,12025,00:23,1787351006266,2026-08-21 22:20:57.680543+00,true,1787427123995,mohamedeltayebreyad222,true,1787593229928,mohamedeltayebreyad222
2a483c05-8178-4a4f-bfbc-1ecf1f6bd4b6,2026-08-09,طلبيات,تارجت,,4305,,3bVUQUWfroMh0Iu3FOqXgd3Rp9z2,habibaalsaid761,10090,17:55,1786290922572,2026-08-09 15:52:50.534915+00,true,1786706480696,mohamedeltayebreyad222,false,,
2abc47b6-33a8-4c87-a2e6-aa39c7b2d5b0,2026-08-12,طلبيات,كير,,85,,zjRlLH5xqnM5cpimCUlhuOXDB6U2,helmgza,8140,22:38,1786567124922,2026-08-12 20:36:13.529164+00,true,1786709331455,mohamedeltayebreyad222,false,,
2B9nOLqPgVXK8qALJkr1,2026-07-05,طلبيات,عابدين,122439,1130,,YnGgwRjB33bhLbTtq5RSBQ8SYxG3,السيد التايب,2320,,1783272465603,2026-07-08 22:09:58.316966+00,true,1783460881143,محمد التايب,false,,
2bc6ed6b-1bfc-47bc-b342-1d3964634e72,2026-08-04,طلبيات,اليكس سيوتكس,,950,بعد المرتجع,YnGgwRjB33bhLbTtq5RSBQ8SYxG3,eltayebsayed07,14015,11:53,1785837186654,2026-08-04 09:50:34.833066+00,true,1786705577062,mohamedeltayebreyad222,false,,
2c57a630-0429-4bda-af62-0d1c9c732a7b,2026-08-16,طلبيات,شراء ادوية 50%,,270,سني ميديكال,YnyOSR0xMMRKYHqcWf9Byd0XQsG2,طارق التايب,10004,21:33,1786908784495,2026-08-16 19:30:33.669305+00,true,1787433943602,mohamedeltayebreyad222,false,,
2c8fc830-8ed5-4750-83db-9db8392b8dc1,2026-07-29,طلبيات,فارما جروب,263755//263746,3835,بعد المرتجع,zjRlLH5xqnM5cpimCUlhuOXDB6U2,helmgza,5650,13:21,1785324062784,2026-07-29 11:18:32.967975+00,true,1785529313574,mohamedeltayebreyad222,false,,
2d27c13e-c000-4ee0-b2b8-351b072ff46d,2026-08-24,طلبيات,مستورد,,1000,,3bVUQUWfroMh0Iu3FOqXgd3Rp9z2,habibaalsaid761,8985,19:42,1787593336128,2026-08-24 17:39:48.296489+00,false,,,true,1787694313627,mohamedeltayebreyad222
2d6fad6a-dfeb-44c1-a959-0175c250c933,2026-07-12,مصاريف,توصيلات (دليفري / مشاوير),,25,,zjRlLH5xqnM5cpimCUlhuOXDB6U2,helmgza,9455,11:39,1783849141300,2026-07-12 09:36:37.996082+00,true,1784398625105,mohamedeltayebreyad222,false,,
2da6670b-b20d-4c8a-bb04-1fa2b7ebf0bd,2026-08-05,طلبيات,ميراميديكال,,2370,,zjRlLH5xqnM5cpimCUlhuOXDB6U2,helmgza,1030,20:12,1785953533596,2026-08-05 18:09:41.226878+00,true,1786705832467,mohamedeltayebreyad222,false,,
2db872f7-6569-4d7d-8018-52406177b626,2026-07-14,طلبيات,شراء ادوية 50%,,350,,zjRlLH5xqnM5cpimCUlhuOXDB6U2,helmgza,8095,18:58,1784048294698,2026-07-14 16:55:50.199632+00,true,1784394844950,mohamedeltayebreyad222,false,,
2debf475-b9b2-43a6-9c39-b3ca62bc0eb7,2026-08-19,طلبيات,فارما جروب,,5970,,3bVUQUWfroMh0Iu3FOqXgd3Rp9z2,habibaalsaid761,7140,12:13,1787134396484,2026-08-19 10:10:47.2459+00,true,1787684644444,mohamedeltayebreyad222,false,,
2dece3b8-8a01-47c4-9dfd-cbbe7494e917,2026-07-15,طلبيات,ميراميديكال,,595,,zjRlLH5xqnM5cpimCUlhuOXDB6U2,helmgza,8295,20:09,1784138991949,2026-07-15 18:07:27.676624+00,true,1784397865790,mohamedeltayebreyad222,false,,
2e6cfc94-7263-4f29-90ef-03a6afb3c855,2026-08-10,ايرادات,شيفت صباحي,,5835,,3bVUQUWfroMh0Iu3FOqXgd3Rp9z2,habibaalsaid761,14640,17:17,1786375063156,2026-08-10 15:15:11.330246+00,false,,,false,,
2EFSFZjNBOvLFxGRqmeL,2026-07-07,طلبيات,شراء ادوية 50%,,445,,YnGgwRjB33bhLbTtq5RSBQ8SYxG3,السيد التايب,7535,,1783378007840,2026-07-08 22:09:58.316966+00,true,1783462150967,محمد التايب,false,,
2fb6de62-d06f-4802-aeaa-9cf0b73f0846,2026-07-27,مصاريف,رواتب,طارق,300,,YnGgwRjB33bhLbTtq5RSBQ8SYxG3,eltayebsayed07,3980,23:13,1785186811404,2026-07-27 21:11:02.159687+00,true,1786711809624,mohamedeltayebreyad222,false,,
2fd6ca1d-84c1-4621-906e-664afac4500f,2026-07-29,ايرادات,شيفت مسائي,,8710,زياده 40 جنيه,zjRlLH5xqnM5cpimCUlhuOXDB6U2,helmgza,9535,02:15,1785284126829,2026-07-29 00:12:56.7063+00,false,,,false,,
30118e2b-8a3f-4ff4-ab4d-fd6690c496c5,2026-07-09,طلبيات,شراء ادوية 50%,,10,,3bVUQUWfroMh0Iu3FOqXgd3Rp9z2,habibaalsaid761,11275,17:20,1783610441527,2026-07-09 15:18:19.264117+00,true,1784394730701,mohamedeltayebreyad222,false,,
303db5a7-4fad-40ba-9813-a24575286843,2026-08-19,ايرادات,شيفت مسائي,,8325,زياده 45 جنيه,zjRlLH5xqnM5cpimCUlhuOXDB6U2,helmgza,13660,01:38,1787096331614,2026-08-18 23:36:21.41589+00,false,,,false,,
30485dee-86e5-4024-8643-a1c01930fa17,2026-07-21,ايرادات,شيفت مسائي,,7485,زياده 55,zjRlLH5xqnM5cpimCUlhuOXDB6U2,helmgza,10740,02:06,1784592376951,2026-07-21 00:03:50.442777+00,false,,,false,,
30abbb81-6214-4179-9529-b6f0fc87fab3,2026-07-19,طلبيات,فارما جروب,253332,1830,,zjRlLH5xqnM5cpimCUlhuOXDB6U2,helmgza,7710,11:57,1784455073022,2026-07-19 09:55:26.991706+00,true,1785192265169,mohamedeltayebreyad222,false,,
31074160-00df-44fb-8e85-c09b1ee1d76e,2026-08-25,ذمم اونلاين,محفظة الصيدلية,,780,,3bVUQUWfroMh0Iu3FOqXgd3Rp9z2,habibaalsaid761,10100,19:28,1787678881488,2026-08-25 17:25:34.17665+00,true,1788110934539,mohamedeltayebreyad222,true,1788114076511,mohamedeltayebreyad222
31317786-37df-43f9-8670-f02dbf74dbb9,2026-08-09,مصاريف,رواتب,طارق,850,,rDALGpUJulVTVGwLLgFcUL1Na6b2,mohamedeltayebreyad222,6075,00:51,1786225868892,2026-08-08 21:51:09.076487+00,false,1786711961531,mohamedeltayebreyad222,false,,
31822d00-551a-4794-acbb-cc008d85c22e,2026-08-28,ذمم اونلاين,انستا باي,,475,,3bVUQUWfroMh0Iu3FOqXgd3Rp9z2,habibaalsaid761,5200,23:26,1787952412654,2026-08-28 21:24:25.732912+00,true,1788110528925,mohamedeltayebreyad222,true,1788110817702,mohamedeltayebreyad222
31d9022c-98f2-4135-b08e-9fc81a99d9d7,2026-08-04,ارباح,أرباح الشهر,,5000,,rDALGpUJulVTVGwLLgFcUL1Na6b2,mohamedeltayebreyad222,15395,02:06,1785798403431,2026-08-03 23:06:41.921611+00,false,,,true,1786715789486,mohamedeltayebreyad222
31e26c87-29ed-4424-ab26-93fffe2c80bd,2026-08-06,ذمم اونلاين,انستا باي,,185,,zjRlLH5xqnM5cpimCUlhuOXDB6U2,helmgza,950,22:38,1786048688445,2026-08-06 20:35:36.222743+00,true,1786226931076,mohamedeltayebreyad222,true,1786714769663,mohamedeltayebreyad222
31e63b4a-1c81-4733-a5ae-6b63abbe0842,2026-07-13,ايرادات,شيفت مسائي,,9770,زياده 130 جنيه,zjRlLH5xqnM5cpimCUlhuOXDB6U2,helmgza,12825,01:54,1783986879349,2026-07-13 23:52:15.362101+00,false,,,false,,
32bff310-9f5b-4d65-829c-7f238d3c9aae,2026-08-11,طلبيات,كير,,160,,zjRlLH5xqnM5cpimCUlhuOXDB6U2,helmgza,6145,20:24,1786472640475,2026-08-11 18:21:29.413166+00,true,1786709331455,mohamedeltayebreyad222,false,,
32eb8950-98be-4cd0-8bcc-34d78309527f,2026-08-29,مصاريف,رواتب,محمد,100,,3bVUQUWfroMh0Iu3FOqXgd3Rp9z2,habibaalsaid761,2030,23:28,1788038899952,2026-08-29 21:25:52.698638+00,false,,,false,,
3371ffa1-de78-4f41-b508-20709df8d4c1,2026-08-08,مصاريف,سكر,,30,,YnGgwRjB33bhLbTtq5RSBQ8SYxG3,eltayebsayed07,16205,17:49,1786204168333,2026-08-08 15:46:56.786645+00,true,1786711745181,mohamedeltayebreyad222,false,,
33977af7-590f-48d4-a897-9c519f7ea3b6,2026-07-11,طلبيات,ماستر كوزمو,10367,910,بعد مرتجع نقل الدم,rDALGpUJulVTVGwLLgFcUL1Na6b2,mohamedeltayebreyad222,4562,18:47,1783788478678,2026-07-11 16:45:35.941417+00,true,1784397684596,mohamedeltayebreyad222,false,,
345a3c45-157b-41c3-afe3-88eca792a4e4,2026-07-24,طلبيات,ميراميديكال,,1275,,zjRlLH5xqnM5cpimCUlhuOXDB6U2,helmgza,7055,01:47,1784850429785,2026-07-23 23:44:42.198443+00,true,1785191754878,mohamedeltayebreyad222,false,,
346f94e4-c54c-4faa-95a0-f13454fbcdd0,2026-08-21,ايرادات,شيفت صباحي,,3615,,3bVUQUWfroMh0Iu3FOqXgd3Rp9z2,habibaalsaid761,12785,18:32,1787329927440,2026-08-21 16:29:39.018878+00,false,,,false,,
348759a9-6d0c-4fbb-aa29-ccdf77c87886,2026-07-15,مصاريف,رواتب,ياسين,500,,zjRlLH5xqnM5cpimCUlhuOXDB6U2,helmgza,6070,01:45,1784159138586,2026-07-15 23:43:14.18092+00,true,1786711809624,mohamedeltayebreyad222,false,,
34a4cb59-683c-495c-ac4f-73ae63fb534f,2026-07-23,طلبيات,فارما جروب,,6615,بعد المرتجعات,zjRlLH5xqnM5cpimCUlhuOXDB6U2,helmgza,8020,15:39,1784813958700,2026-07-23 13:36:51.177453+00,true,1785192265169,mohamedeltayebreyad222,false,,
34f886e5-bffb-4bfd-8f59-c6e194b2b665,2026-08-07,ايرادات,شيفت مسائي,,7425,زياده 35 جنيه,zjRlLH5xqnM5cpimCUlhuOXDB6U2,helmgza,14150,02:32,1786149153944,2026-08-08 00:30:02.282589+00,false,,,false,,
357c5edb-09a6-4774-8a77-901ca2bbe1a1,2026-07-10,طلبيات,شراء ادوية 50%,,1630,نبيل,rDALGpUJulVTVGwLLgFcUL1Na6b2,mohamedeltayebreyad222,12450,00:18,1783718288089,2026-07-10 21:18:08.901085+00,true,1784394740663,mohamedeltayebreyad222,false,,
369f6ec1-d466-42e6-b3b0-070f4571b337,2026-08-04,طلبيات,ميراميديكال,,430,,YnGgwRjB33bhLbTtq5RSBQ8SYxG3,eltayebsayed07,14965,11:51,1785837096624,2026-08-04 09:49:04.781091+00,true,1786705832467,mohamedeltayebreyad222,false,,
36abf391-8770-4ad8-a31f-549034e583c5,2026-07-12,مصاريف,رواتب,السيد,750,,zjRlLH5xqnM5cpimCUlhuOXDB6U2,helmgza,5155,01:26,1783898793323,2026-07-12 23:24:10.365214+00,true,1786711809624,mohamedeltayebreyad222,false,,
36eba236-084e-4be4-b513-cbcef7617f7f,2026-07-28,مصاريف,رواتب,محمد,30,,zjRlLH5xqnM5cpimCUlhuOXDB6U2,helmgza,1585,22:56,1785272203555,2026-07-28 20:54:13.458494+00,true,1786711809624,mohamedeltayebreyad222,false,,
375f7bea-bb03-4de8-84b2-184cf3426641,2026-08-20,ايرادات,شيفت مسائي,,10060,,3bVUQUWfroMh0Iu3FOqXgd3Rp9z2,habibaalsaid761,15230,02:07,1787184442687,2026-08-20 00:04:53.22524+00,false,,,false,,
37a478df-131e-44e1-b882-ccd2287c4d27,2026-08-05,طلبيات,فارما جروب,,6515,بعدمرتجع الفاتورة,rDALGpUJulVTVGwLLgFcUL1Na6b2,mohamedeltayebreyad222,1350,16:26,1785936418284,2026-08-05 13:26:58.229289+00,true,1786710563569,mohamedeltayebreyad222,false,,
37a59ae7-79c9-4ddd-a577-ee6ea4e03b4b,2026-07-18,ايرادات,شيفت مسائي,,5380,,YnGgwRjB33bhLbTtq5RSBQ8SYxG3,eltayebsayed07,18110,01:26,1784417162712,2026-07-18 23:23:36.786859+00,false,,,false,,
37d42fba-3b21-466c-bf24-fe1987e45c13,2026-07-14,مصاريف,إنترنت,,80,شحن رصيد,zjRlLH5xqnM5cpimCUlhuOXDB6U2,helmgza,7580,22:19,1784060374391,2026-07-14 20:17:09.917787+00,true,1784398273856,mohamedeltayebreyad222,false,,
37f024c0-7504-4759-afd0-bc6403eafdab,2026-08-28,مصاريف,مواصلات,,30,,3bVUQUWfroMh0Iu3FOqXgd3Rp9z2,habibaalsaid761,5675,17:53,1787932398210,2026-08-28 15:50:51.439832+00,false,,,false,,
38150b0d-6634-4883-9049-d20e819f2b17,2026-08-02,طلبيات,تارجت,,860,بعد المرتجع,zjRlLH5xqnM5cpimCUlhuOXDB6U2,helmgza,3310,18:23,1785687831082,2026-08-02 16:21:19.722833+00,true,1786706224833,mohamedeltayebreyad222,false,,
3853bfa1-3ebd-48ed-ba23-9de31c71491b,2026-08-23,طلبيات,ميديسين,,500,,zjRlLH5xqnM5cpimCUlhuOXDB6U2,helmgza,8165,17:09,1787497764677,2026-08-23 15:06:56.397352+00,true,1787684901154,mohamedeltayebreyad222,false,,
385a5e4e-2817-4573-9011-a9758e02a0cf,2026-08-01,طلبيات,فارما جروب,,760,,zjRlLH5xqnM5cpimCUlhuOXDB6U2,helmgza,8390,17:47,1785599246148,2026-08-01 15:44:55.043085+00,true,1785618498821,mohamedeltayebreyad222,false,,
393e6fb5-18ad-4c3e-9774-b1c7419396b8,2026-08-27,طلبيات,الفا جروب,,1795,,zjRlLH5xqnM5cpimCUlhuOXDB6U2,helmgza,9515,13:01,1787828495840,2026-08-27 10:59:09.023942+00,false,,,false,,
399a2fce-a996-41d5-a193-f0b8506eac1d,2026-07-13,طلبيات,نفرتيتي,,155,,zjRlLH5xqnM5cpimCUlhuOXDB6U2,helmgza,7885,20:24,1783967094268,2026-07-13 18:22:30.346052+00,true,1784398216041,mohamedeltayebreyad222,false,,
39e6f397-10a6-4d1a-adfe-66a925ea5072,2026-08-20,ذمم اونلاين,محفظة الصيدلية,,985,,3bVUQUWfroMh0Iu3FOqXgd3Rp9z2,habibaalsaid761,13545,16:38,1787236735330,2026-08-20 14:36:26.815633+00,true,1787427145209,mohamedeltayebreyad222,true,1787593229928,mohamedeltayebreyad222
3a7501f4-cd8a-4bf2-aa8c-f0afac7eaa4d,2026-07-09,ايرادات,شيفت صباحي,,3425,,3bVUQUWfroMh0Iu3FOqXgd3Rp9z2,habibaalsaid761,11370,16:49,1783608592346,2026-07-09 14:47:30.199094+00,false,,,false,,
3af48600-8464-4b5e-8f6d-1c360a734451,2026-08-25,مصاريف,رواتب,د.محمد,20,,3bVUQUWfroMh0Iu3FOqXgd3Rp9z2,habibaalsaid761,9920,21:51,1787687485475,2026-08-25 19:48:58.176075+00,false,,,false,,
3b2cc031-fd83-4103-bbea-69114540c4bc,2026-07-09,ايرادات,شيفت وسط,,4790,عجز 35,YnGgwRjB33bhLbTtq5RSBQ8SYxG3,eltayebsayed07,17240,23:22,1783718559782,2026-07-10 21:20:17.107693+00,false,,,false,,
3b4ab6b6-d608-4d87-b483-01ec7ddebe8e,2026-08-27,ذمم اونلاين,محفظة الصيدلية,,205,,zjRlLH5xqnM5cpimCUlhuOXDB6U2,helmgza,4080,22:23,1787862225739,2026-08-27 20:21:18.776994+00,true,1788110891842,mohamedeltayebreyad222,true,1788114076511,mohamedeltayebreyad222
3bd532b8-e6da-4da3-817f-dac04c90b8eb,2026-08-22,ايرادات,تسوية ذمم أونلاين,,360,تسوية: انستا باي — 2026-08-19,rDALGpUJulVTVGwLLgFcUL1Na6b2,mohamedeltayebreyad222,13465,22:24,1787426698151,2026-08-22 19:24:58.247316+00,false,,,true,1787502643613,mohamedeltayebreyad222
3c390de2-00ae-4c37-8c53-86227c213950,2026-07-16,طلبيات,الابرار,76247,2640,,zjRlLH5xqnM5cpimCUlhuOXDB6U2,helmgza,6405,19:39,1784223573567,2026-07-16 17:37:09.242231+00,true,1784393017900,mohamedeltayebreyad222,false,,
3c706880-4d72-4253-808d-e65a1f199fec,2026-08-11,ارباح,أرباح الشهر,,5000,,zjRlLH5xqnM5cpimCUlhuOXDB6U2,helmgza,12135,01:20,1786404048617,2026-08-10 23:18:16.699025+00,false,,,true,1786715789486,mohamedeltayebreyad222
3d80bec5-6aa7-4898-966e-f5813166d854,2026-07-13,مصاريف,مواصلات,,20,,3bVUQUWfroMh0Iu3FOqXgd3Rp9z2,habibaalsaid761,8590,17:26,1783956383284,2026-07-13 15:23:59.467005+00,true,1784398369257,mohamedeltayebreyad222,false,,
3d93c96e-601f-4a63-a5b1-971a2f88401e,2026-08-12,ذمم اونلاين,محفظة الصيدلية,,250,,zjRlLH5xqnM5cpimCUlhuOXDB6U2,helmgza,15075,11:48,1786528132935,2026-08-12 09:46:21.607864+00,false,,,true,1786714726846,mohamedeltayebreyad222
3e2067c8-f890-4903-9cdd-5b0b8df2b89c,2026-07-27,طلبيات,فارما جروب,,4530,,YnGgwRjB33bhLbTtq5RSBQ8SYxG3,eltayebsayed07,3410,11:31,1785144697003,2026-07-27 09:29:08.011774+00,true,1785192265169,mohamedeltayebreyad222,false,,
3e42d178-3303-4798-8849-0cff37f5036b,2026-08-28,طلبيات,ميديسين,,555,,3bVUQUWfroMh0Iu3FOqXgd3Rp9z2,habibaalsaid761,5705,17:47,1787932030095,2026-08-28 15:44:43.253805+00,false,,,false,,
3e4ef0cf-efe7-4421-8927-0285f03cf6bc,2026-07-22,مصاريف,إنترنت,,315,,zjRlLH5xqnM5cpimCUlhuOXDB6U2,helmgza,6875,23:31,1784755911078,2026-07-22 21:29:23.381907+00,true,1785193555663,mohamedeltayebreyad222,false,,
3e725083-190e-471a-a4fa-71915cb4e31b,2026-07-16,طلبيات,كير,,210,,zjRlLH5xqnM5cpimCUlhuOXDB6U2,helmgza,9770,17:59,1784217596064,2026-07-16 15:57:31.73115+00,true,1784397639095,mohamedeltayebreyad222,false,,
3ea0e675-a546-491c-901c-5d63122b4da4,2026-08-17,مصاريف,فرق حساب,,35,,rDALGpUJulVTVGwLLgFcUL1Na6b2,mohamedeltayebreyad222,10630,18:01,1786982506808,2026-08-17 15:01:51.700083+00,false,,,true,1786982604256,mohamedeltayebreyad222
3f4935c5-e07e-499e-8842-b16ca474805b,2026-08-17,مصاريف,اكياس,,70,,YnyOSR0xMMRKYHqcWf9Byd0XQsG2,طارق التايب,8675,20:36,1786991810424,2026-08-17 18:34:20.402593+00,false,,,false,,
3fa2ec8d-037f-48c7-b931-bd8f64a0b842,2026-08-20,ذمم اونلاين,انستا باي,settled:dbeee3da-fef2-4917-9f95-ef1968896b5a,200,,3bVUQUWfroMh0Iu3FOqXgd3Rp9z2,habibaalsaid761,9675,21:45,1787255156628,2026-08-20 19:43:28.103911+00,false,,,true,1787426727036,mohamedeltayebreyad222
3hkphjIPv7mMKmVTN4i5,2026-07-05,طلبيات,فارما جروب,,4130,,YnGgwRjB33bhLbTtq5RSBQ8SYxG3,السيد التايب,3635,,1783246698469,2026-07-08 22:09:58.316966+00,true,1783461429769,محمد التايب,false,,
40009a0e-b4a9-47ca-b13b-3527ac7ad69b,2026-07-19,طلبيات,نفرتيتي,,270,,zjRlLH5xqnM5cpimCUlhuOXDB6U2,helmgza,5440,17:24,1784474651919,2026-07-19 15:21:45.807462+00,true,1785192901257,mohamedeltayebreyad222,false,,
403000a4-4682-43bf-a24a-4030bf04d8b3,2026-08-09,طلبيات,شراء ادوية 50%,,1550,نبيل,zjRlLH5xqnM5cpimCUlhuOXDB6U2,helmgza,6270,22:04,1786305888703,2026-08-09 20:02:16.690146+00,true,1786707710215,mohamedeltayebreyad222,false,,
404961be-bc71-47c2-b3b3-adf8d4e5089e,2026-07-31,مصاريف,رواتب,المدير,4000,,rDALGpUJulVTVGwLLgFcUL1Na6b2,mohamedeltayebreyad222,6615,01:11,1785622319529,2026-08-01 22:11:58.699635+00,true,1786711809624,mohamedeltayebreyad222,false,,
4064bc99-915d-4af6-8282-7a5cce81a27a,2026-07-23,طلبيات,ميراميديكال,81148,1130,,zjRlLH5xqnM5cpimCUlhuOXDB6U2,helmgza,14850,10:56,1784796968008,2026-07-23 08:53:40.518154+00,true,1785191754878,mohamedeltayebreyad222,false,,
40a6505c-6d13-4abe-9419-c9538bcaad23,2026-08-13,طلبيات,عابدين,,865,,zjRlLH5xqnM5cpimCUlhuOXDB6U2,helmgza,12330,18:45,1786639541171,2026-08-13 16:43:10.220754+00,true,1786707831237,mohamedeltayebreyad222,false,,
40d56460-1631-4121-86df-fed8b33af8ca,2026-08-30,مصاريف,رواتب,السيد,550,,zjRlLH5xqnM5cpimCUlhuOXDB6U2,helmgza,17620,20:58,1788116304290,2026-08-30 18:55:57.530212+00,false,,,false,,
40e1a5af-fc40-4718-806a-46c2b5308c0b,2026-08-21,ذمم اونلاين,محفظة الصيدلية,,1090,حبيبه حياه,3bVUQUWfroMh0Iu3FOqXgd3Rp9z2,habibaalsaid761,10250,14:23,1787314993936,2026-08-21 12:20:45.595115+00,true,1787427141836,mohamedeltayebreyad222,true,1787593229928,mohamedeltayebreyad222
4123411f-5f6a-40cb-9387-e92bff7509ab,2026-07-12,طلبيات,تراست,59954,1895,,zjRlLH5xqnM5cpimCUlhuOXDB6U2,helmgza,7560,12:01,1783850486382,2026-07-12 09:59:03.053375+00,true,1784394026004,mohamedeltayebreyad222,false,,
412b4bc2-abc0-4505-83b4-039b7db9df5b,2026-08-15,مصاريف,رواتب,طارق,350,,3bVUQUWfroMh0Iu3FOqXgd3Rp9z2,habibaalsaid761,7360,19:24,1786814690688,2026-08-15 17:22:20.112521+00,false,,,false,,
414830cf-2373-4d85-b875-cc9089474caf,2026-07-24,طلبيات,الابرار,,6090,,zjRlLH5xqnM5cpimCUlhuOXDB6U2,helmgza,12800,12:32,1784889142505,2026-07-24 10:29:54.207165+00,true,1785191345063,mohamedeltayebreyad222,false,,
4191810b-186d-43cd-afee-440f6fb1b82d,2026-08-06,مصاريف,كهرباء,,2805,,zjRlLH5xqnM5cpimCUlhuOXDB6U2,helmgza,7285,10:05,1786003542915,2026-08-06 08:03:10.884439+00,true,1786711695982,mohamedeltayebreyad222,false,,
41d38275-4187-4635-b491-15e52d4cbcb8,2026-07-14,مصاريف,رواتب,حسين,400,,zjRlLH5xqnM5cpimCUlhuOXDB6U2,helmgza,12425,02:09,1783987765946,2026-07-14 00:07:01.93648+00,true,1786711809624,mohamedeltayebreyad222,false,,
43422b09-c8c0-4fa5-84d1-3ac3779d3792,2026-08-26,طلبيات,ميراميديكال,,3960,هير اسكينو فارمابيتك,3bVUQUWfroMh0Iu3FOqXgd3Rp9z2,habibaalsaid761,9755,13:59,1787745599326,2026-08-26 11:57:32.133715+00,false,,,false,,
43f5035d-7784-4fca-9b95-91ac2f7a0598,2026-08-22,طلبيات,ميديسين,,650,,3bVUQUWfroMh0Iu3FOqXgd3Rp9z2,habibaalsaid761,9000,13:53,1787399616694,2026-08-22 11:51:08.577832+00,true,1787433412724,mohamedeltayebreyad222,false,,
441aaa87-abb7-4543-85b0-25d289eef4db,2026-07-31,مصاريف,مواصلات,,15,,zjRlLH5xqnM5cpimCUlhuOXDB6U2,helmgza,13885,20:32,1785522722174,2026-07-31 18:29:31.643774+00,true,1785619153264,mohamedeltayebreyad222,false,,
44788d62-d74a-40c1-9aa5-8b40972dda99,2026-07-30,طلبيات,ميجا ستور,,110,,YnGgwRjB33bhLbTtq5RSBQ8SYxG3,eltayebsayed07,6960,17:24,1785425062757,2026-07-30 15:21:52.206556+00,true,1785618687050,mohamedeltayebreyad222,false,,
44f1b921-76f7-4f4d-b1c4-c84b925ea0c9,2026-08-11,طلبيات,كير,,400,,zjRlLH5xqnM5cpimCUlhuOXDB6U2,helmgza,7335,17:47,1786463266498,2026-08-11 15:45:15.421567+00,true,1786709331455,mohamedeltayebreyad222,false,,
44f7d86e-e3fe-4617-b36f-9908ac6eb34e,2026-08-06,طلبيات,ماستر كوزمو,,535,,zjRlLH5xqnM5cpimCUlhuOXDB6U2,helmgza,6750,17:24,1786029847113,2026-08-06 15:21:34.900079+00,true,1786705903687,mohamedeltayebreyad222,false,,
4519362f-6762-4982-9c18-5eacaba54900,2026-08-03,طلبيات,نيو طيبة,48980,895,,YnGgwRjB33bhLbTtq5RSBQ8SYxG3,eltayebsayed07,12295,18:57,1785776223512,2026-08-03 16:54:31.691225+00,true,1786706594088,mohamedeltayebreyad222,false,,
4519b28c-94f8-4ecb-8878-0033aeeff2eb,2026-08-14,ايرادات,شيفت مسائي,,7050,,zjRlLH5xqnM5cpimCUlhuOXDB6U2,helmgza,18260,02:12,1786666335906,2026-08-14 00:09:44.791593+00,false,,,false,,
453c7822-b671-4430-a44a-c76230e7681f,2026-08-18,مصاريف,رواتب,حودة,600,,rDALGpUJulVTVGwLLgFcUL1Na6b2,mohamedeltayebreyad222,12060,19:28,1787070521389,2026-08-18 16:28:41.356454+00,false,,,false,,
45747917-9dd6-49a9-9bc7-b39ffc2b1ed3,2026-08-13,طلبيات,تارجت,,570,,YnGgwRjB33bhLbTtq5RSBQ8SYxG3,eltayebsayed07,13195,18:30,1786638650664,2026-08-13 16:28:19.662397+00,true,1786706549826,mohamedeltayebreyad222,false,,
4577a3f6-8099-467e-af38-ea5d6cf3d202,2026-08-25,مصاريف,رواتب,,50,محمود,3bVUQUWfroMh0Iu3FOqXgd3Rp9z2,habibaalsaid761,4445,00:20,1787696428242,2026-08-25 22:18:00.850195+00,false,,,true,1787779861101,mohamedeltayebreyad222
4584bd84-7126-4878-b6df-5ede6b338d27,2026-08-19,طلبيات,كير,,480,,3bVUQUWfroMh0Iu3FOqXgd3Rp9z2,habibaalsaid761,6475,17:01,1787151719926,2026-08-19 14:59:30.519998+00,true,1787684664057,mohamedeltayebreyad222,false,,
466e1e46-9fc4-4074-9590-358261a25e03,2026-08-30,ذمم اونلاين,محفظة الصيدلية,,60,,zjRlLH5xqnM5cpimCUlhuOXDB6U2,helmgza,17380,23:24,1788125083382,2026-08-30 21:22:16.644898+00,false,,,false,,
46b2269d-8b0b-437a-b0f1-0ddcf6f0f2cb,2026-07-22,طلبيات,كير,,135,,zjRlLH5xqnM5cpimCUlhuOXDB6U2,helmgza,8940,19:14,1784740468089,2026-07-22 17:12:00.457134+00,true,1785192992176,mohamedeltayebreyad222,false,,
46d37603-0346-4c97-8526-4b4195b1ecd9,2026-07-31,مصاريف,رواتب,حسين,500,,zjRlLH5xqnM5cpimCUlhuOXDB6U2,helmgza,11780,02:16,1785543388524,2026-08-01 00:13:57.828164+00,true,1786711809624,mohamedeltayebreyad222,false,,
471511b8-3210-4fb5-a92e-534193e00eb1,2026-08-30,مصاريف,رواتب,د.احمد الخطيب,10000,,rDALGpUJulVTVGwLLgFcUL1Na6b2,mohamedeltayebreyad222,-1600,19:15,1788110105095,2026-08-30 16:15:12.258876+00,false,,,false,,
472b1e40-91ca-4105-a3d5-26bc9539b507,2026-08-17,ايرادات,شيفت مسائي,,4765,زياده 20 جنيه,YnyOSR0xMMRKYHqcWf9Byd0XQsG2,طارق التايب,13440,02:07,1787011672172,2026-08-18 00:05:22.061854+00,false,,,false,,
47dab344-a6d8-4f7a-bf14-2030c891c3fa,2026-07-30,طلبيات,فاروس,82876,1205,,YnGgwRjB33bhLbTtq5RSBQ8SYxG3,eltayebsayed07,9765,12:22,1785406923626,2026-07-30 10:19:33.030707+00,true,1785529334421,mohamedeltayebreyad222,false,,
47e7c001-53ce-49a7-8e37-dee1a37a261a,2026-08-13,ايرادات,شيفت مسائي,,8120,زياده 25 جنيه,zjRlLH5xqnM5cpimCUlhuOXDB6U2,helmgza,15580,02:13,1786580036227,2026-08-13 00:11:24.692059+00,false,,,false,,
483927cc-f226-4800-8331-e37a5e9a9165,2026-07-21,طلبيات,ميديسين,,575,,zjRlLH5xqnM5cpimCUlhuOXDB6U2,helmgza,7580,13:26,1784633218281,2026-07-21 11:24:31.773581+00,true,1785191705241,mohamedeltayebreyad222,false,,
488c51ad-44e8-4a63-8e21-a15a1549bbbf,2026-07-19,مصاريف,صيانة كمبيوتر / سيستم,,2160,سكانر 1d + ماوس,rDALGpUJulVTVGwLLgFcUL1Na6b2,mohamedeltayebreyad222,6265,17:22,1784470956872,2026-07-19 14:22:35.70375+00,true,1785193658033,mohamedeltayebreyad222,false,,
489c1438-a426-4489-b7f4-53e0cbcca371,2026-07-20,طلبيات,نفرتيتي,,340,,zjRlLH5xqnM5cpimCUlhuOXDB6U2,helmgza,9025,14:40,1784551247000,2026-07-20 12:38:20.687885+00,true,1785192901257,mohamedeltayebreyad222,false,,
48c1feec-4e67-4278-9b79-58a4d24f47f9,2026-08-13,طلبيات,شراء ادوية 50%,,20,,3bVUQUWfroMh0Iu3FOqXgd3Rp9z2,habibaalsaid761,15360,11:22,1786612972177,2026-08-13 09:20:21.340355+00,true,1786707710215,mohamedeltayebreyad222,false,,
48f51265-dc5b-4c08-8396-ebfb86d79dca,2026-08-14,ارباح,أرباح الشهر,,4000,,rDALGpUJulVTVGwLLgFcUL1Na6b2,mohamedeltayebreyad222,14615,16:56,1786715761955,2026-08-14 13:56:01.473375+00,false,,,true,1786715789486,mohamedeltayebreyad222
48fc9fb6-fe6c-4e7d-85f9-eb95e7f6d1f5,2026-07-19,طلبيات,ميديسين,24471,555,,zjRlLH5xqnM5cpimCUlhuOXDB6U2,helmgza,5710,16:37,1784471864983,2026-07-19 14:35:18.860288+00,true,1785191644079,mohamedeltayebreyad222,false,,
499785a6-9412-49c6-b823-e90443df8f25,2026-08-05,ايرادات,شيفت صباحي,,4920,,YnGgwRjB33bhLbTtq5RSBQ8SYxG3,eltayebsayed07,5320,17:54,1785945298506,2026-08-05 15:52:26.185459+00,false,,,false,,
49a24fc2-1eab-4c8e-bc8a-65aeb3db6a94,2026-07-13,مصاريف,رواتب,محمد,200,,YnGgwRjB33bhLbTtq5RSBQ8SYxG3,eltayebsayed07,8960,19:27,1783963621165,2026-07-13 17:24:37.241792+00,true,1786711809624,mohamedeltayebreyad222,false,,
4ab75703-df80-4319-bc27-90fb777804bd,2026-08-10,ذمم اونلاين,محفظة الصيدلية,,30,,3bVUQUWfroMh0Iu3FOqXgd3Rp9z2,habibaalsaid761,9585,16:50,1786373421923,2026-08-10 14:47:50.075723+00,false,,,true,1786714726846,mohamedeltayebreyad222
4b0d38e3-410e-4232-883d-e2d44c60041d,2026-08-08,طلبيات,ميراميديكال,8287//8269,480,بعد المرتجعات,3bVUQUWfroMh0Iu3FOqXgd3Rp9z2,habibaalsaid761,13670,14:22,1786191752662,2026-08-08 12:20:01.162837+00,true,1786705832467,mohamedeltayebreyad222,false,,
4b2a59bf-85cc-4ea1-8f2a-ae3e18f68fba,2026-08-23,ايرادات,شيفت صباحي,,2050,,zjRlLH5xqnM5cpimCUlhuOXDB6U2,helmgza,8130,18:39,1787503145594,2026-08-23 16:36:37.310995+00,false,,,false,,
4b550c46-ff0a-4283-8643-75a65dfbd738,2026-07-26,مصاريف,رواتب,ياسين,10,,YnGgwRjB33bhLbTtq5RSBQ8SYxG3,eltayebsayed07,6600,14:24,1785068672087,2026-07-26 12:22:03.22775+00,true,1786711809624,mohamedeltayebreyad222,false,,
4bbb8c11-c3c4-4a33-a792-776cc7ade516,2026-07-26,مصاريف,إنترنت,,80,شحن رصيد,YnGgwRjB33bhLbTtq5RSBQ8SYxG3,eltayebsayed07,6685,12:29,1785061774776,2026-07-26 10:27:05.974924+00,true,1785193570477,mohamedeltayebreyad222,false,,
4bde2bb0-0ede-4391-b200-903090cad68a,2026-07-31,طلبيات,الابرار,,3115,بعد مرتجع برونكو فاكسوم,YnGgwRjB33bhLbTtq5RSBQ8SYxG3,eltayebsayed07,11629,13:33,1785497623065,2026-07-31 11:31:12.072266+00,true,1785526834168,mohamedeltayebreyad222,false,,
4c263f5b-289e-40a9-b9ab-40fe9973b045,2026-08-25,ذمم اونلاين,محفظة الصيدلية,,160,,3bVUQUWfroMh0Iu3FOqXgd3Rp9z2,habibaalsaid761,9940,20:48,1787683700450,2026-08-25 18:45:53.104199+00,true,1788113997383,mohamedeltayebreyad222,true,1788114076511,mohamedeltayebreyad222
4c354f76-d414-4387-b85c-3ee84aa2548f,2026-07-31,طلبيات,شراء ادوية 50%,,40,,zjRlLH5xqnM5cpimCUlhuOXDB6U2,helmgza,13185,23:31,1785533512831,2026-07-31 21:29:22.176143+00,true,1785618382212,mohamedeltayebreyad222,false,,
4cb85a9a-368d-4dcd-8fb2-d38e596b46cd,2026-07-29,مصاريف,مستلزمات نظافة,,10,,zjRlLH5xqnM5cpimCUlhuOXDB6U2,helmgza,5695,19:25,1785345956518,2026-07-29 17:23:26.61478+00,true,1785618807501,mohamedeltayebreyad222,false,,
4d6bafcf-13cf-4305-b211-c5bc853f64c4,2026-08-25,مصاريف,رواتب,محمد,100,,3bVUQUWfroMh0Iu3FOqXgd3Rp9z2,habibaalsaid761,8125,01:27,1787614059679,2026-08-24 23:25:12.245579+00,false,,,false,,
4dd88610-3fa9-437b-a0aa-09d848238fee,2026-08-07,مصاريف,مواصلات,,30,,zjRlLH5xqnM5cpimCUlhuOXDB6U2,helmgza,4525,17:51,1786117866563,2026-08-07 15:48:35.098781+00,true,1786711579352,mohamedeltayebreyad222,false,,
4e1aef44-f55c-4d1f-8f55-ddcc374964b9,2026-07-11,ايرادات,شيفت وسط,,5090,,rDALGpUJulVTVGwLLgFcUL1Na6b2,mohamedeltayebreyad222,9627,23:32,1783805551100,2026-07-11 21:30:08.405699+00,false,,,false,,
4e1e7855-0621-48cb-91ee-7d27ad9a2ce1,2026-08-12,مصاريف,إنترنت,,320,,zjRlLH5xqnM5cpimCUlhuOXDB6U2,helmgza,6370,17:28,1786548529683,2026-08-12 15:26:18.386702+00,true,1786711618628,mohamedeltayebreyad222,false,,
4e4188b6-b22c-4a63-b05f-4eb4c2c0ce08,2026-08-09,ذمم اونلاين,محفظة الصيدلية,,280,,zjRlLH5xqnM5cpimCUlhuOXDB6U2,helmgza,5990,22:44,1786308291010,2026-08-09 20:42:18.958349+00,false,,,true,1786714726846,mohamedeltayebreyad222
4eb12e7c-064f-4b78-990d-78bcb4719d6f,2026-08-13,طلبيات,الفا جروب,114829,850,,3bVUQUWfroMh0Iu3FOqXgd3Rp9z2,habibaalsaid761,12965,16:53,1786632793018,2026-08-13 14:50:42.048315+00,true,1786705545460,mohamedeltayebreyad222,false,,
4fd81828-1af9-4c77-bec9-54409ccbfe31,2026-08-25,طلبيات,فارما جروب,26787//26781,4740,,3bVUQUWfroMh0Iu3FOqXgd3Rp9z2,habibaalsaid761,10440,12:10,1787652654794,2026-08-25 10:08:27.576738+00,true,1787684644444,mohamedeltayebreyad222,false,,
50e27fa1-6f23-4a85-8d9f-9bdae80efce5,2026-07-13,طلبيات,كير,450169,285,,3bVUQUWfroMh0Iu3FOqXgd3Rp9z2,habibaalsaid761,9465,14:41,1783946478158,2026-07-13 12:38:54.375128+00,true,1784397651155,mohamedeltayebreyad222,false,,
50ec0917-13e9-4440-928d-0b544b44cfad,2026-08-23,ذمم اونلاين,انستا باي,,105,,zjRlLH5xqnM5cpimCUlhuOXDB6U2,helmgza,7860,00:10,1787436654563,2026-08-22 22:08:26.28257+00,false,,,true,1787593281921,mohamedeltayebreyad222
51d621a6-8cb9-4f05-b90a-27021f897ede,2026-07-14,طلبيات,فارما جروب,,3510,,zjRlLH5xqnM5cpimCUlhuOXDB6U2,helmgza,8310,17:48,1784044097887,2026-07-14 15:45:53.483549+00,true,1784396033594,mohamedeltayebreyad222,false,,
51db07fb-34e6-4fcd-abbd-f21ac30205f0,2026-07-09,طلبيات,فارما جروب,143450//743459,3940,,3bVUQUWfroMh0Iu3FOqXgd3Rp9z2,habibaalsaid761,7955,12:25,1783592743357,2026-07-09 10:23:21.260108+00,true,1784395807676,mohamedeltayebreyad222,false,,
52848c6c-dd8e-447b-b81b-cc1b5924492e,2026-08-15,طلبيات,ميراميديكال,16091,590,,3bVUQUWfroMh0Iu3FOqXgd3Rp9z2,habibaalsaid761,6770,19:51,1786816294308,2026-08-15 17:49:03.786286+00,true,1786817715106,mohamedeltayebreyad222,false,,
53334c32-ebb7-47d8-889c-a6ef3f090369,2026-08-24,ايرادات,شيفت صباحي,,1510,,3bVUQUWfroMh0Iu3FOqXgd3Rp9z2,habibaalsaid761,5405,17:02,1787583720136,2026-08-24 14:59:31.679565+00,false,,,false,,
5354ae6f-326a-4c82-8ce3-287e92e96ee5,2026-08-27,مصاريف,رواتب,طارق,450,,zjRlLH5xqnM5cpimCUlhuOXDB6U2,helmgza,3630,22:59,1787864367747,2026-08-27 20:57:00.789987+00,false,,,false,,
535a2c3e-ba6f-4092-9890-18c7e47eb2f8,2026-08-26,مصاريف,إنترنت,,300,,3bVUQUWfroMh0Iu3FOqXgd3Rp9z2,habibaalsaid761,14780,17:59,1787759943884,2026-08-26 15:56:36.5666+00,false,,,false,,
5381cf32-11e3-4070-a19d-20672c487ccc,2026-08-20,مصاريف,صيانة عجلة,,70,,3bVUQUWfroMh0Iu3FOqXgd3Rp9z2,habibaalsaid761,14510,15:55,1787234155679,2026-08-20 13:53:27.172878+00,false,,,false,,
540abde9-0830-4298-b964-b9b9860d2239,2026-07-23,طلبيات,كير,,325,,zjRlLH5xqnM5cpimCUlhuOXDB6U2,helmgza,10800,18:27,1784824024434,2026-07-23 16:24:37.119487+00,true,1785192991454,mohamedeltayebreyad222,false,,
541f1da0-4207-4d16-aab7-9b6a6de66cff,2026-08-16,مصاريف,صيانة عجلة,,1500,,YnyOSR0xMMRKYHqcWf9Byd0XQsG2,طارق التايب,8505,22:28,1786912083435,2026-08-16 20:25:32.588213+00,false,,,false,,
54dffa95-cd4e-4230-a568-0183e7db33d4,2026-07-15,مصاريف,مواصلات,,10,يوسف,zjRlLH5xqnM5cpimCUlhuOXDB6U2,helmgza,5480,02:12,1784160730816,2026-07-16 00:09:46.419179+00,true,1784398369257,mohamedeltayebreyad222,false,,
553c16ec-c412-4343-8adf-b818f69ee6b6,2026-08-11,ذمم اونلاين,انستا باي,,1740,,zjRlLH5xqnM5cpimCUlhuOXDB6U2,helmgza,3855,22:30,1786480218673,2026-08-11 20:27:47.523871+00,false,,,true,1786714769663,mohamedeltayebreyad222
55433e66-4174-4d95-a1db-b4afbfe7065c,2026-08-11,ذمم اونلاين,انستا باي,,90,,zjRlLH5xqnM5cpimCUlhuOXDB6U2,helmgza,3765,23:22,1786483340063,2026-08-11 21:19:48.888144+00,false,,,true,1786714769663,mohamedeltayebreyad222
562ca8cb-b98f-4ed8-aceb-b6b2bff86476,2026-08-27,طلبيات,اليكس واي,,1040,,zjRlLH5xqnM5cpimCUlhuOXDB6U2,helmgza,8475,13:03,1787828589387,2026-08-27 11:00:42.491517+00,false,,,false,,
564679f1-2190-4030-afb3-a7d67092e0c8,2026-07-15,طلبيات,تارجت,18929,1230,,zjRlLH5xqnM5cpimCUlhuOXDB6U2,helmgza,6465,17:06,1784128009761,2026-07-15 15:04:24.953996+00,true,1784393964700,mohamedeltayebreyad222,false,,
56b02d55-d32f-4837-8012-30c1197860d9,2026-08-21,ذمم اونلاين,محفظة الصيدلية,,805,33ش,3bVUQUWfroMh0Iu3FOqXgd3Rp9z2,habibaalsaid761,9445,15:30,1787319059875,2026-08-21 13:28:31.494177+00,true,1787427130460,mohamedeltayebreyad222,true,1787593229928,mohamedeltayebreyad222
5717905e-17f4-45c4-b850-55d94f9b1489,2026-08-11,ذمم اونلاين,محفظة الصيدلية,,300,د.محمد محفظه,zjRlLH5xqnM5cpimCUlhuOXDB6U2,helmgza,5845,21:22,1786476169803,2026-08-11 19:20:18.663376+00,false,,,true,1786714726846,mohamedeltayebreyad222
57a62acf-534e-4056-a981-6c538fbbfc93,2026-07-22,طلبيات,كيو فارما,,1100,,zjRlLH5xqnM5cpimCUlhuOXDB6U2,helmgza,7840,23:29,1784755751116,2026-07-22 21:26:43.435605+00,true,1785192926398,mohamedeltayebreyad222,false,,
57ed2b5c-af80-42c1-bddd-fc9cd2310ad1,2026-08-15,ذمم اونلاين,انستا باي,settled:28cf3c03-ffe9-4593-9450-5d8decdddd72,245,,3bVUQUWfroMh0Iu3FOqXgd3Rp9z2,habibaalsaid761,5845,23:47,1786830473393,2026-08-15 21:45:22.749877+00,false,,,true,1787426727036,mohamedeltayebreyad222
57f1bc36-d26c-4479-a706-af0eb611e839,2026-08-26,ايرادات,شيفت مسائي,,9320,,3bVUQUWfroMh0Iu3FOqXgd3Rp9z2,habibaalsaid761,13735,02:45,1787705115051,2026-08-26 00:42:47.747634+00,false,,,false,,
57f86530-1ce0-448a-92a1-fc9a97ef8995,2026-07-12,طلبيات,هيلثى فارم,,785,,zjRlLH5xqnM5cpimCUlhuOXDB6U2,helmgza,3865,13:54,1783857294750,2026-07-12 11:52:31.316632+00,true,1784398250256,mohamedeltayebreyad222,false,,
5857a002-20fa-49c2-b76a-c45e60e82b30,2026-08-06,ذمم اونلاين,محفظة الصيدلية,,330,,zjRlLH5xqnM5cpimCUlhuOXDB6U2,helmgza,1535,21:43,1786045401683,2026-08-06 19:40:49.380664+00,true,1786226953875,mohamedeltayebreyad222,true,1786714726846,mohamedeltayebreyad222
58957c6d-fc14-4711-bcdf-d52c1ca17077,2026-07-08,ايرادات,شيفت مسائي,,9010,,zjRlLH5xqnM5cpimCUlhuOXDB6U2,helmgza,11895,02:06,1783555589917,2026-07-09 00:04:07.819097+00,false,,,false,,
58afecbf-547b-4510-b5ce-93bba1254981,2026-08-22,ارباح,أرباح الشهر,,5000,,zjRlLH5xqnM5cpimCUlhuOXDB6U2,helmgza,8140,23:36,1787434564408,2026-08-22 21:33:36.259964+00,false,,,true,1788110117861,mohamedeltayebreyad222
58d5c319-d84c-421f-a11b-a2a960207a85,2026-08-18,طلبيات,شراء ادوية 50%,,900,,zjRlLH5xqnM5cpimCUlhuOXDB6U2,helmgza,11030,22:34,1787085257064,2026-08-18 20:31:46.921549+00,true,1787433943602,mohamedeltayebreyad222,false,,
59336a73-2bfe-48e5-90d2-25f09aeeed74,2026-07-09,مصاريف,سكر,,35,,zjRlLH5xqnM5cpimCUlhuOXDB6U2,helmgza,9460,02:23,1783643027628,2026-07-10 00:21:25.273655+00,true,1784398661712,mohamedeltayebreyad222,false,,
594f4b9e-c817-4d65-9c74-d8e4316fb38f,2026-07-19,طلبيات,ميجا ستور,8853,490,,zjRlLH5xqnM5cpimCUlhuOXDB6U2,helmgza,3975,18:16,1784477768852,2026-07-19 16:13:42.748568+00,true,1785191786146,mohamedeltayebreyad222,false,,
596983e9-242a-42ce-89f3-2eaf31ddf0d9,2026-08-27,طلبيات,شراء ادوية 50%,,450,,zjRlLH5xqnM5cpimCUlhuOXDB6U2,helmgza,6675,20:37,1787855832987,2026-08-27 18:34:46.095878+00,false,,,false,,
59b519ee-4e48-4fe0-9d5b-c647a57065a3,2026-08-17,طلبيات,ميراميديكال,,575,,YnyOSR0xMMRKYHqcWf9Byd0XQsG2,طارق التايب,9550,17:30,1786980623445,2026-08-17 15:27:53.48737+00,true,1787431809353,mohamedeltayebreyad222,false,,
59e7e8bc-b4e3-4d52-9730-87ed9cfd3f55,2026-08-25,ايرادات,شيفت صباحي,,1380,30زياده,3bVUQUWfroMh0Iu3FOqXgd3Rp9z2,habibaalsaid761,11450,17:09,1787670591520,2026-08-25 15:07:24.340708+00,false,,,false,,
59fc8205-b497-4cd2-9031-83dcd038b1fa,2026-07-24,طلبيات,ميديسين,,530,,zjRlLH5xqnM5cpimCUlhuOXDB6U2,helmgza,11875,17:40,1784907634592,2026-07-24 15:38:06.194388+00,true,1785191637155,mohamedeltayebreyad222,false,,
5a43688d-950f-4429-bc29-67b9e55f34ec,2026-07-19,طلبيات,ماستر كوزمو,10610,975,,zjRlLH5xqnM5cpimCUlhuOXDB6U2,helmgza,4465,18:10,1784477440565,2026-07-19 16:08:14.443171+00,true,1785191893365,mohamedeltayebreyad222,false,,
5aad9965-9be2-4b4e-876a-acd27dc5e7e7,2026-08-30,ذمم اونلاين,محفظة الصيدلية,,45,,zjRlLH5xqnM5cpimCUlhuOXDB6U2,helmgza,17335,23:25,1788125114721,2026-08-30 21:22:47.946781+00,false,,,false,,
5b1c93d3-269a-46d8-9851-b5769a2e7b75,2026-08-20,ذمم اونلاين,انستا باي,settled:909e5a4a-f47b-4471-bb6d-31bac0780159,620,,3bVUQUWfroMh0Iu3FOqXgd3Rp9z2,habibaalsaid761,14580,14:08,1787227697582,2026-08-20 12:05:49.192015+00,false,,,true,1787426727036,mohamedeltayebreyad222
5b27f428-357a-4f1e-853f-64ba4df9e4f8,2026-07-10,ايرادات,شيفت مسائي,,2525,,YnGgwRjB33bhLbTtq5RSBQ8SYxG3,eltayebsayed07,10245,01:01,1783724501666,2026-07-10 22:59:18.975857+00,false,,,false,,
5b5a5ff0-f6f7-4979-94bb-a5999ebe8f61,2026-07-13,طلبيات,شراء ادوية 50%,,290,,YnGgwRjB33bhLbTtq5RSBQ8SYxG3,eltayebsayed07,9160,18:47,1783961236947,2026-07-13 16:44:53.101559+00,true,1784394731543,mohamedeltayebreyad222,false,,
5b680c8e-c362-4a38-a4eb-db2582a09423,2026-08-23,ذمم اونلاين,انستا باي,,485,,zjRlLH5xqnM5cpimCUlhuOXDB6U2,helmgza,7375,02:01,1787443281680,2026-08-22 23:58:53.413299+00,false,,,true,1787767120340,mohamedeltayebreyad222
5b708e96-062f-4726-be8c-cfed47a4b3ff,2026-08-14,مصاريف,مواصلات,,10,,YnGgwRjB33bhLbTtq5RSBQ8SYxG3,eltayebsayed07,5205,22:21,1786738866030,2026-08-14 20:18:35.350614+00,false,,,false,,
5b82df15-e7c1-4db7-9b53-6946eb60248a,2026-08-16,طلبيات,اليكس واي,,1160,,3bVUQUWfroMh0Iu3FOqXgd3Rp9z2,habibaalsaid761,13055,12:24,1786875880700,2026-08-16 10:22:10.048183+00,true,1787431142304,mohamedeltayebreyad222,false,,
5c371fbd-8469-41a9-8b76-e8d726039a51,2026-07-15,مصاريف,رواتب,يوسف,580,يوسف,zjRlLH5xqnM5cpimCUlhuOXDB6U2,helmgza,5490,01:45,1784159154794,2026-07-15 23:43:30.356303+00,true,1786711809624,mohamedeltayebreyad222,false,,
5d6d5bce-4f93-4f5e-837a-cf14b24ad925,2026-08-04,ايرادات,شيفت مسائي,,10190,,YnGgwRjB33bhLbTtq5RSBQ8SYxG3,eltayebsayed07,20395,00:49,1785797384831,2026-08-03 22:47:12.936729+00,false,,,false,,
5f9fadb6-1618-4b91-8583-87d315e701a5,2026-07-18,مصاريف,أدوات مكتبية,,10,,YnGgwRjB33bhLbTtq5RSBQ8SYxG3,eltayebsayed07,13140,01:07,1784416022907,2026-07-18 23:04:37.054492+00,true,1785193463707,mohamedeltayebreyad222,false,,
5ff937d1-42d7-4a26-bc07-d94ec45a1316,2026-08-16,طلبيات,فارما بروفايدرز,,785,,3bVUQUWfroMh0Iu3FOqXgd3Rp9z2,habibaalsaid761,12270,14:03,1786881785211,2026-08-16 12:00:34.478432+00,true,1787431828992,mohamedeltayebreyad222,false,,
5Oqwf3AYlza6nn8ENSjq,2026-07-05,مصاريف,عجلة,,40,,YnGgwRjB33bhLbTtq5RSBQ8SYxG3,السيد التايب,565,,1783257098464,2026-07-08 22:09:58.316966+00,true,1783463256571,محمد التايب,false,,
5UgWyGDRqDWoUp6c8N1C,2026-07-07,مصاريف,كهرباء,,1300,,3bVUQUWfroMh0Iu3FOqXgd3Rp9z2,حبيبه ابراهيم,11700,09:33,1783409609263,2026-07-08 22:09:58.316966+00,true,1783463296411,محمد التايب,false,,
60133ec8-3440-4068-a850-d7d606c2fe27,2026-08-09,مصاريف,رواتب,السيد,650,,zjRlLH5xqnM5cpimCUlhuOXDB6U2,helmgza,7820,21:49,1786304961987,2026-08-09 19:46:49.929521+00,false,1786712408797,mohamedeltayebreyad222,false,,
60282795-143b-40af-8af6-20fe75563a50,2026-07-31,ايرادات,شيفت صباحي,,3400,,YnGgwRjB33bhLbTtq5RSBQ8SYxG3,eltayebsayed07,14700,17:49,1785512987735,2026-07-31 15:47:16.873736+00,false,,,false,,
6048d5f7-d30a-4e48-9a1e-c0067ba80109,2026-08-28,طلبيات,الابرار,,4130,,3bVUQUWfroMh0Iu3FOqXgd3Rp9z2,habibaalsaid761,4520,14:25,1787919956730,2026-08-28 12:23:30.050353+00,false,,,false,,
60bb34f6-bdf7-4c36-8c03-e9f5b6e34ab3,2026-07-16,طلبيات,تارجت,20424,1405,,zjRlLH5xqnM5cpimCUlhuOXDB6U2,helmgza,7095,16:37,1784212620266,2026-07-16 14:34:36.009939+00,true,1784393964700,mohamedeltayebreyad222,false,,
61d7e417-1354-42e9-8ff5-dbd600aa28be,2026-08-02,مصاريف,اكياس,,130,,zjRlLH5xqnM5cpimCUlhuOXDB6U2,helmgza,12465,11:08,1785661727035,2026-08-02 09:06:15.829131+00,true,1786711591242,mohamedeltayebreyad222,false,,
61fe6afc-dd79-45dc-8ce5-461c601d62d7,2026-08-14,ايرادات,شيفت صباحي,,1320,زياده 570 جنيه,YnGgwRjB33bhLbTtq5RSBQ8SYxG3,eltayebsayed07,5935,17:32,1786721577442,2026-08-14 15:30:26.813262+00,false,,,false,,
624bd5d5-4d17-473a-8cb6-41b42306689c,2026-07-21,مصاريف,رواتب,يوسف,670,,zjRlLH5xqnM5cpimCUlhuOXDB6U2,helmgza,8255,01:15,1784589353514,2026-07-20 23:13:27.016484+00,true,1786711809624,mohamedeltayebreyad222,false,,
6250084e-07e4-4359-8b02-9993c9fcebfa,2026-07-31,مصاريف,رواتب,طارق,550,,zjRlLH5xqnM5cpimCUlhuOXDB6U2,helmgza,2620,19:38,1785605933043,2026-08-01 17:36:21.87771+00,true,1786711809624,mohamedeltayebreyad222,false,,
62983769-1b51-4faa-b09d-5b10104713d9,2026-08-01,طلبيات,نفرتيتي,,290,,zjRlLH5xqnM5cpimCUlhuOXDB6U2,helmgza,6020,19:20,1785604834095,2026-08-01 17:18:02.956111+00,true,1785618774466,mohamedeltayebreyad222,false,,
63880651-0453-4567-9ad5-7f0e09eb0799,2026-08-24,ايرادات,شيفت صباحي,,7055,زياده 85,3bVUQUWfroMh0Iu3FOqXgd3Rp9z2,habibaalsaid761,15180,01:51,1787615513797,2026-08-24 23:49:26.368982+00,false,,,false,,
63d5fc7c-4dea-4875-bdab-2dae50e0c2b6,2026-08-19,طلبيات,تارجت,,500,,zjRlLH5xqnM5cpimCUlhuOXDB6U2,helmgza,5335,00:19,1787091549346,2026-08-18 22:16:39.174358+00,true,1787431306774,mohamedeltayebreyad222,false,,
642a981e-15bb-474d-9470-87ee8bebbe9c,2026-08-12,ذمم اونلاين,محفظة الصيدلية,,640,,zjRlLH5xqnM5cpimCUlhuOXDB6U2,helmgza,6690,16:49,1786546168839,2026-08-12 14:46:58.161588+00,true,1786713615344,mohamedeltayebreyad222,true,1786714726846,mohamedeltayebreyad222
64394021-1f84-4a6b-a124-63e4495c9755,2026-08-18,مصاريف,رواتب,,600,محمود الاسواني,zjRlLH5xqnM5cpimCUlhuOXDB6U2,helmgza,12060,18:29,1787070588833,2026-08-18 16:27:18.728724+00,false,,,true,1787070498377,mohamedeltayebreyad222
6442d7bf-7af8-4833-b70b-271c39c75d38,2026-07-30,طلبيات,شراء ادوية 50%,,600,,YnGgwRjB33bhLbTtq5RSBQ8SYxG3,eltayebsayed07,12105,01:18,1785367104261,2026-07-29 23:15:54.277505+00,true,1785526408114,mohamedeltayebreyad222,false,,
646b28f0-d82a-4bbc-b5d5-9ba20eaa9238,2026-08-19,طلبيات,ميراميديكال,,1185,,3bVUQUWfroMh0Iu3FOqXgd3Rp9z2,habibaalsaid761,8165,19:38,1787161110272,2026-08-19 17:36:00.904362+00,true,1787431809353,mohamedeltayebreyad222,false,,
64837bdd-1b94-45d1-85bb-e0dc8ab5dcb3,2026-07-29,ايرادات,شيفت وسط,,7275,,zjRlLH5xqnM5cpimCUlhuOXDB6U2,helmgza,10230,22:26,1785356819165,2026-07-29 20:24:29.255858+00,false,,,false,,
64bed0f8-2514-4154-8c74-9e2ac843b40b,2026-07-10,ايرادات,شيفت صباحي,,2705,,zjRlLH5xqnM5cpimCUlhuOXDB6U2,helmgza,14680,22:39,1783715943079,2026-07-10 20:36:40.485579+00,false,,,false,,
655c04ad-769b-4a01-93c9-896354d5b490,2026-08-06,مصاريف,أدوات مكتبية,,15,,zjRlLH5xqnM5cpimCUlhuOXDB6U2,helmgza,110,18:04,1786032262540,2026-08-06 16:01:50.376715+00,true,1786711586488,mohamedeltayebreyad222,false,,
657c295d-4fcc-44f4-bf18-eb8d6fe4c4d7,2026-08-29,طلبيات,فارما جروب,,1560,,3bVUQUWfroMh0Iu3FOqXgd3Rp9z2,habibaalsaid761,3370,17:17,1788016625701,2026-08-29 15:14:38.507298+00,false,,,false,,
66229c82-ebb5-4f25-bf3f-0d86b21cdadb,2026-08-16,ايرادات,شيفت صباحي,,3520,,3bVUQUWfroMh0Iu3FOqXgd3Rp9z2,habibaalsaid761,13550,17:03,1786892597547,2026-08-16 15:00:46.852135+00,false,,,false,,
662c0c56-cd23-40e0-a23c-a6d287d49190,2026-07-23,مصاريف,رواتب,حسين,500,,zjRlLH5xqnM5cpimCUlhuOXDB6U2,helmgza,8490,21:19,1784834354882,2026-07-23 19:16:47.199914+00,true,1786711809624,mohamedeltayebreyad222,false,,
670b13e6-fd0d-436f-aa0f-a2173e9dde29,2026-08-24,مصاريف,رواتب,حبيبة,200,,3bVUQUWfroMh0Iu3FOqXgd3Rp9z2,habibaalsaid761,3445,14:37,1787575054063,2026-08-24 12:35:05.691421+00,false,,,false,,
6725d083-dcd2-47ef-aa82-f50c0300e94e,2026-08-01,طلبيات,ميراميديكال,,650,,zjRlLH5xqnM5cpimCUlhuOXDB6U2,helmgza,10535,17:49,1785599371507,2026-08-01 15:47:00.410369+00,true,1785618753865,mohamedeltayebreyad222,false,,
6772e3a2-6b79-4315-a9cf-9a9bb71135d5,2026-08-24,ذمم اونلاين,محفظة الصيدلية,,160,,3bVUQUWfroMh0Iu3FOqXgd3Rp9z2,habibaalsaid761,8825,21:12,1787598732569,2026-08-24 19:09:44.645105+00,true,1788110955567,mohamedeltayebreyad222,true,1788114076511,mohamedeltayebreyad222
67742050-fabd-4a1c-ba52-2474bdf653de,2026-08-14,اصول ثابتة,كمبيوترات وسيستم,لاب توب,26000,,rDALGpUJulVTVGwLLgFcUL1Na6b2,mohamedeltayebreyad222,4615,16:57,1786715849803,2026-08-14 13:57:32.3098+00,false,,,true,1786983947574,mohamedeltayebreyad222
67785fb8-cb6d-4c13-a0e7-5cdb8ef0eb26,2026-08-28,ايرادات,شيفت مسائي,,4370,,3bVUQUWfroMh0Iu3FOqXgd3Rp9z2,habibaalsaid761,9570,01:49,1787960976098,2026-08-28 23:47:09.129683+00,false,,,false,,
6785198f-b784-4596-b8ce-379c9aca54b7,2026-08-13,مصاريف,رواتب,حسين,200,,zjRlLH5xqnM5cpimCUlhuOXDB6U2,helmgza,15380,02:15,1786580143092,2026-08-13 00:13:11.550631+00,false,1786711929956,mohamedeltayebreyad222,false,,
67b611a0-d196-4f6c-8fd6-041a55487a31,2026-07-17,ايرادات,شيفت صباحي,,2860,,zjRlLH5xqnM5cpimCUlhuOXDB6U2,helmgza,16265,17:36,1784302616039,2026-07-17 15:34:31.051739+00,false,,,false,,
67ea3c9c-06ff-447b-9c39-7ac3c0e56d18,2026-08-17,طلبيات,فارما جروب,,3080,بعد مرتجع جينيس كولاجين,YnyOSR0xMMRKYHqcWf9Byd0XQsG2,طارق التايب,10690,12:04,1786961051589,2026-08-17 10:01:41.698441+00,true,1787432029716,mohamedeltayebreyad222,false,,
680dd679-e168-488a-87ce-23e12fc52942,2026-08-20,مصاريف,مستلزمات نظافة,,30,,3bVUQUWfroMh0Iu3FOqXgd3Rp9z2,habibaalsaid761,6765,16:49,1787237344120,2026-08-20 14:46:35.632076+00,false,,,false,,
69318e5b-0f72-47e2-98cb-482a3f16df23,2026-07-12,طلبيات,اليكس واي,30047,1805,,zjRlLH5xqnM5cpimCUlhuOXDB6U2,helmgza,5755,12:48,1783853303638,2026-07-12 10:46:00.224834+00,true,1784393909320,mohamedeltayebreyad222,false,,
694124fa-e2be-4321-a692-85d8982c5375,2026-07-31,مصاريف,رواتب,حبيبة,3500,,rDALGpUJulVTVGwLLgFcUL1Na6b2,mohamedeltayebreyad222,2615,00:58,1785621493199,2026-08-01 21:58:12.344895+00,true,1786711809624,mohamedeltayebreyad222,false,,
6960fb1b-96b3-4cf8-9c8c-a967b79d6bdc,2026-08-25,ذمم اونلاين,محفظة الصيدلية,,410,,3bVUQUWfroMh0Iu3FOqXgd3Rp9z2,habibaalsaid761,9495,23:25,1787693105462,2026-08-25 21:22:38.158275+00,true,1788110927441,mohamedeltayebreyad222,true,1788114076511,mohamedeltayebreyad222
697b57ca-335c-4c70-b423-59427d22e07c,2026-08-26,ايرادات,شيفت صباحي,,2770,عجز 35,3bVUQUWfroMh0Iu3FOqXgd3Rp9z2,habibaalsaid761,12310,17:26,1787758003574,2026-08-26 15:24:16.431355+00,false,,,false,,
6a6573ba-1d81-4f1f-bd5d-ed9fef2562e8,2026-08-17,طلبيات,ميجا ستور,,165,,YnyOSR0xMMRKYHqcWf9Byd0XQsG2,طارق التايب,9385,17:52,1786981941863,2026-08-17 15:49:51.896981+00,true,1787433345765,mohamedeltayebreyad222,false,,
6b103f22-faf7-45b6-9e5d-157daeafc250,2026-07-19,طلبيات,نفرتيتي,,935,,zjRlLH5xqnM5cpimCUlhuOXDB6U2,helmgza,6265,13:38,1784461118572,2026-07-19 11:36:12.516902+00,true,1785192901257,mohamedeltayebreyad222,false,,
6b2064df-19c8-41a9-9331-078391b8023b,2026-08-14,طلبيات,الابرار,,2905,مرتجع بي بي سي لم يخصم,rDALGpUJulVTVGwLLgFcUL1Na6b2,mohamedeltayebreyad222,24615,16:44,1786715099276,2026-08-14 13:44:59.102292+00,true,1786817999757,mohamedeltayebreyad222,false,,
6b6ea112-7bc1-44b6-8cc6-1e067a714525,2026-07-14,طلبيات,نفرتيتي,,310,,zjRlLH5xqnM5cpimCUlhuOXDB6U2,helmgza,5685,17:51,1784044314741,2026-07-14 15:49:30.235899+00,true,1784398216041,mohamedeltayebreyad222,false,,
6c2f432e-ab49-4e8d-8f43-d803bf3df45f,2026-08-27,طلبيات,هيلثى فارم,37517,490,,zjRlLH5xqnM5cpimCUlhuOXDB6U2,helmgza,8210,17:53,1787845984502,2026-08-27 15:50:37.544326+00,false,,,false,,
6c7d2c69-d5ed-48fb-8d44-c908e2f39deb,2026-07-10,طلبيات,ميديسين,23191,1475,,zjRlLH5xqnM5cpimCUlhuOXDB6U2,helmgza,12005,18:46,1783701973198,2026-07-10 16:43:50.569327+00,true,1784397840904,mohamedeltayebreyad222,false,,
6d5920e7-0ecf-48d8-a68e-fc1fef243370,2026-08-21,مصاريف,رواتب,حبيبة,200,,3bVUQUWfroMh0Iu3FOqXgd3Rp9z2,habibaalsaid761,9245,15:50,1787320247821,2026-08-21 13:48:19.366101+00,false,,,false,,
6db0c4b6-2010-4a43-b8f4-682b6617b14e,2026-07-13,مصاريف,مواصلات,,25,,zjRlLH5xqnM5cpimCUlhuOXDB6U2,helmgza,8165,21:32,1783971138472,2026-07-13 19:29:54.587526+00,true,1784398369257,mohamedeltayebreyad222,false,,
6de811f9-8e3d-4306-924d-ecda3fbe8b5d,2026-08-17,مصاريف,رواتب,محمد,500,,YnyOSR0xMMRKYHqcWf9Byd0XQsG2,طارق التايب,8745,20:26,1786991203603,2026-08-17 18:24:13.651687+00,false,,,false,,
6e6e46eb-15ac-408a-9bd6-b2ae91ebd601,2026-07-28,ايرادات,شيفت صباحي,,930,,zjRlLH5xqnM5cpimCUlhuOXDB6U2,helmgza,3600,17:20,1785252058907,2026-07-28 15:18:28.921396+00,false,,,false,,
6eb96926-f15e-4f2d-a94c-78142733dd3b,2026-08-04,طلبيات,اليكس واي,,3180,,YnGgwRjB33bhLbTtq5RSBQ8SYxG3,eltayebsayed07,10835,12:30,1785839459542,2026-08-04 10:28:27.628582+00,true,1786705949062,mohamedeltayebreyad222,false,,
6f18b330-e438-4d03-9822-b11e494b9714,2026-07-21,ايرادات,شيفت صباحي,,2935,,zjRlLH5xqnM5cpimCUlhuOXDB6U2,helmgza,7925,17:09,1784646587828,2026-07-21 15:07:21.26247+00,false,,,false,,
6f4d671e-5a5b-4bce-a488-d6dce62192a6,2026-07-13,طلبيات,فارما جروب,247160/247164/247152,8090,,3bVUQUWfroMh0Iu3FOqXgd3Rp9z2,habibaalsaid761,9800,12:32,1783938770147,2026-07-13 10:30:26.385589+00,true,1784396015580,mohamedeltayebreyad222,false,,
6f4d784f-5a1f-4b85-83b9-84a44bbda08b,2026-08-26,مصاريف,أدوات مكتبية,,15,,zjRlLH5xqnM5cpimCUlhuOXDB6U2,helmgza,10965,22:32,1787776361825,2026-08-26 20:30:14.498461+00,false,,,false,,
6fdc4b7e-a73d-45b4-ba02-817dd4c24ce5,2026-08-24,ذمم اونلاين,انستا باي,,600,,3bVUQUWfroMh0Iu3FOqXgd3Rp9z2,habibaalsaid761,8225,23:32,1787607159618,2026-08-24 21:30:11.654379+00,true,1787767059145,mohamedeltayebreyad222,true,1788110817702,mohamedeltayebreyad222
6GfxtkbbLHnPHSYSWN1w,2026-07-04,مصاريف,رواتب,محمد,350,,rDALGpUJulVTVGwLLgFcUL1Na6b2,محمد التايب,-450,,1783197638839,2026-07-08 22:09:58.316966+00,true,1786711809624,mohamedeltayebreyad222,false,,
70b07c06-4155-43c0-b8bd-35566d055643,2026-08-06,ذمم اونلاين,محفظة الصيدلية,,150,,zjRlLH5xqnM5cpimCUlhuOXDB6U2,helmgza,800,23:41,1786052519091,2026-08-06 21:39:26.876213+00,true,1786226968423,mohamedeltayebreyad222,true,1786714726846,mohamedeltayebreyad222
714ef58f-1372-4720-b728-9a35c92d6f6d,2026-07-20,طلبيات,ميراميديكال,77763,555,,zjRlLH5xqnM5cpimCUlhuOXDB6U2,helmgza,10285,13:48,1784548120265,2026-07-20 11:46:13.966716+00,true,1785191754878,mohamedeltayebreyad222,false,,
71503cef-0212-49f6-b206-63845b0150a8,2026-08-29,طلبيات,فارما جروب,30259//30263,4090,,3bVUQUWfroMh0Iu3FOqXgd3Rp9z2,habibaalsaid761,5480,11:48,1787996903547,2026-08-29 09:45:56.412441+00,false,,,false,,
7279feb1-4a6f-4f02-bdce-f7e42e86b53e,2026-08-27,ذمم اونلاين,محفظة الصيدلية,,2390,,zjRlLH5xqnM5cpimCUlhuOXDB6U2,helmgza,4285,22:22,1787862171699,2026-08-27 20:20:24.809884+00,true,1788110887706,mohamedeltayebreyad222,true,1788114076511,mohamedeltayebreyad222
727b5cf8-dfbe-443c-a984-ad7a840e3467,2026-08-17,اصول ثابتة,كمبيوترات وسيستم,لاب توب,30000,,rDALGpUJulVTVGwLLgFcUL1Na6b2,mohamedeltayebreyad222,11125,18:26,1786983985025,2026-08-17 15:26:29.874813+00,false,,,false,,
729e8743-6abe-434e-a4f4-3e279a5c1179,2026-08-20,مصاريف,رواتب,طارق,20,,3bVUQUWfroMh0Iu3FOqXgd3Rp9z2,habibaalsaid761,9305,00:49,1787266144795,2026-08-20 22:46:36.258919+00,false,,,false,,
72a0b36b-6873-4207-882b-ce4d3b425fc3,2026-08-12,طلبيات,شراء ادوية 50%,,475,,zjRlLH5xqnM5cpimCUlhuOXDB6U2,helmgza,9200,19:20,1786555235014,2026-08-12 17:18:03.567454+00,true,1786707710215,mohamedeltayebreyad222,false,,
733fe61b-f1c3-45a8-94a4-5131dfcdf0c8,2026-07-11,ايرادات,شيفت صباحي,,2770,,3bVUQUWfroMh0Iu3FOqXgd3Rp9z2,habibaalsaid761,7207,17:29,1783783766660,2026-07-11 15:27:03.928625+00,false,,,false,,
73fb93b3-3eab-4de7-8588-7f2563900724,2026-07-21,مصاريف,إنترنت,,20,شحن يوسف,zjRlLH5xqnM5cpimCUlhuOXDB6U2,helmgza,4310,23:50,1784670622051,2026-07-21 21:47:55.310476+00,true,1785193571754,mohamedeltayebreyad222,false,,
7407b3ff-c247-4129-8547-865f8340cb54,2026-07-13,طلبيات,تارجت,16078,1030,,YnGgwRjB33bhLbTtq5RSBQ8SYxG3,eltayebsayed07,9450,18:12,1783959148606,2026-07-13 16:10:04.684405+00,true,1784393964700,mohamedeltayebreyad222,false,,
755631d9-597a-4f1b-b7ee-ca4504a743ab,2026-08-08,ذمم اونلاين,انستا باي,,1185,جيجي عواد,3bVUQUWfroMh0Iu3FOqXgd3Rp9z2,habibaalsaid761,12485,14:52,1786193551374,2026-08-08 12:49:59.934168+00,true,1786226939548,mohamedeltayebreyad222,true,1786714769663,mohamedeltayebreyad222
75ee7bcd-b76c-40f4-a5bd-1d4a725398cc,2026-07-27,طلبيات,تارجت,33427,720,,YnGgwRjB33bhLbTtq5RSBQ8SYxG3,eltayebsayed07,2490,16:27,1785162476690,2026-07-27 14:25:27.641106+00,true,1785192076272,mohamedeltayebreyad222,false,,
7687005d-52ee-48b3-9bd1-b600fd382a7d,2026-08-19,ذمم اونلاين,انستا باي,settled:0803c773-2c89-4181-b4f2-96d9fec5a3c5,390,,3bVUQUWfroMh0Iu3FOqXgd3Rp9z2,habibaalsaid761,5170,01:56,1787183804854,2026-08-19 23:54:15.330405+00,false,,,true,1787426727036,mohamedeltayebreyad222
77869280-5f1d-46dc-ae56-83fdf7b4d9c8,2026-08-23,طلبيات,نيو طيبة,54999,1420,,zjRlLH5xqnM5cpimCUlhuOXDB6U2,helmgza,8665,12:32,1787481160637,2026-08-23 10:30:12.455875+00,true,1787694258603,mohamedeltayebreyad222,false,,
782f7ae1-45cf-4920-a1ca-b7cfddd00e33,2026-07-21,طلبيات,اليكس سيوتكس,23452,705,,zjRlLH5xqnM5cpimCUlhuOXDB6U2,helmgza,10035,12:23,1784629405442,2026-07-21 10:20:58.930217+00,true,1785191926604,mohamedeltayebreyad222,false,,
7856b90f-6151-469b-b898-213da2911b4d,2026-08-11,مصاريف,رواتب,حسين,250,,zjRlLH5xqnM5cpimCUlhuOXDB6U2,helmgza,5595,22:25,1786479951731,2026-08-11 20:23:20.640824+00,false,1786711966936,mohamedeltayebreyad222,false,,
7862e70b-d62f-4838-aa29-4d9759789451,2026-07-22,ايرادات,شيفت مسائي,,9105,,zjRlLH5xqnM5cpimCUlhuOXDB6U2,helmgza,15980,02:53,1784768007007,2026-07-23 00:50:59.25918+00,false,,,false,,
78679180-569b-4783-ac56-ed54808837d6,2026-08-11,طلبيات,ميراميديكال,,360,بعد المرتجعات,zjRlLH5xqnM5cpimCUlhuOXDB6U2,helmgza,6005,14:27,1786451248233,2026-08-11 12:24:57.185192+00,true,1786705832467,mohamedeltayebreyad222,false,,
794a1801-4598-4683-aa4e-78212ab492f9,2026-07-12,طلبيات,الفا جروب,,920,,3bVUQUWfroMh0Iu3FOqXgd3Rp9z2,habibaalsaid761,2945,15:42,1783863722753,2026-07-12 13:39:39.29556+00,true,1784393761514,mohamedeltayebreyad222,false,,
798aaa0d-876c-41ec-8572-0f577fc4c762,2026-08-27,ايرادات,شيفت مسائي,,5020,,zjRlLH5xqnM5cpimCUlhuOXDB6U2,helmgza,8650,02:28,1787876930985,2026-08-28 00:26:23.92732+00,false,,,false,,
7a0ed236-8c34-4fb4-b73b-f7084c5b5533,2026-07-30,مصاريف,مواصلات,,15,,YnGgwRjB33bhLbTtq5RSBQ8SYxG3,eltayebsayed07,8540,21:53,1785441233417,2026-07-30 19:51:22.77782+00,true,1785619153264,mohamedeltayebreyad222,false,,
7a1cb91e-322e-4bb4-8ee3-4d975d314cca,2026-07-09,مصاريف,رواتب,محمد,100,محمد,zjRlLH5xqnM5cpimCUlhuOXDB6U2,helmgza,11095,18:17,1783613878508,2026-07-09 16:15:36.27582+00,true,1786711809624,mohamedeltayebreyad222,false,,
7a3e5d3f-f2e4-42a5-b23a-36af72c8b13b,2026-08-08,مصاريف,ايجار الصيدلية,,7150,,rDALGpUJulVTVGwLLgFcUL1Na6b2,mohamedeltayebreyad222,6925,22:17,1786216650730,2026-08-08 19:17:31.033421+00,true,1786711655726,mohamedeltayebreyad222,false,,
7a6fe679-2231-4494-b593-ce3b3fdf8e84,2026-08-16,مصاريف,رواتب,السيد,600,,YnyOSR0xMMRKYHqcWf9Byd0XQsG2,طارق التايب,10324,21:25,1786908359027,2026-08-16 19:23:28.204107+00,false,,,false,,
7a8774bc-50e2-45d5-9f27-41c3eaa2b37e,2026-07-26,ايرادات,شيفت مسائي,,6005,,YnGgwRjB33bhLbTtq5RSBQ8SYxG3,eltayebsayed07,13820,00:57,1785106628985,2026-07-26 22:54:39.970601+00,false,,,false,,
7aae1b35-b4ab-4dab-932d-7d510a14e75e,2026-07-11,طلبيات,3N,16175,1085,,YnGgwRjB33bhLbTtq5RSBQ8SYxG3,eltayebsayed07,8710,11:17,1783761422302,2026-07-11 09:14:39.649805+00,true,1784392165343,mohamedeltayebreyad222,false,,
7ae1e0d5-4cfa-47a6-8840-b7f8be7c8cb5,2026-08-01,طلبيات,ميراميديكال,778,1380,بعد المرتجعات,3bVUQUWfroMh0Iu3FOqXgd3Rp9z2,habibaalsaid761,9945,14:25,1785587114422,2026-08-01 12:22:43.423983+00,true,1785618755264,mohamedeltayebreyad222,false,,
7bee7f55-b4d4-4f03-ac58-759a1968edc1,2026-08-05,طلبيات,تارجت,,1920,,zjRlLH5xqnM5cpimCUlhuOXDB6U2,helmgza,3400,19:08,1785949732053,2026-08-05 17:06:19.713102+00,true,1786817466625,mohamedeltayebreyad222,false,,
7cedcec5-50ca-427e-b8f8-f618299734e7,2026-08-15,طلبيات,فارما جروب,,3640,بعد المرتجعات,3bVUQUWfroMh0Iu3FOqXgd3Rp9z2,habibaalsaid761,6970,12:30,1786789858273,2026-08-15 10:28:27.787777+00,true,1786817395046,mohamedeltayebreyad222,false,,
7d3042d6-0b80-4aa9-9959-b367c1e3e373,2026-07-18,طلبيات,اليكس واي,34075//34078,1000,,zjRlLH5xqnM5cpimCUlhuOXDB6U2,helmgza,16300,10:21,1784362881705,2026-07-18 08:18:56.008403+00,true,1784393909320,mohamedeltayebreyad222,false,,
7d512e2c-cd7e-4a9f-9128-e7cad45b5cfb,2026-07-16,ايرادات,شيفت صباحي,,2850,50 زياده,zjRlLH5xqnM5cpimCUlhuOXDB6U2,helmgza,9945,17:04,1784214277511,2026-07-16 15:02:13.270986+00,false,,,false,,
7d55b6ec-37d7-4059-a7e8-31290b6c3988,2026-08-18,طلبيات,الاطباء,,1390,,YnyOSR0xMMRKYHqcWf9Byd0XQsG2,طارق التايب,10150,13:21,1787052077858,2026-08-18 11:18:47.920906+00,true,1787431023304,mohamedeltayebreyad222,false,,
7d8dd56b-56b5-4baf-944c-41ab059898af,2026-08-12,طلبيات,ميراميديكال,,975,,zjRlLH5xqnM5cpimCUlhuOXDB6U2,helmgza,8225,19:47,1786556871234,2026-08-12 17:45:19.824452+00,true,1786705832467,mohamedeltayebreyad222,false,,
7da96938-2501-4ce8-b79d-c76864a936e5,2026-08-15,طلبيات,مستورد,,750,,3bVUQUWfroMh0Iu3FOqXgd3Rp9z2,habibaalsaid761,8060,18:26,1786811173737,2026-08-15 16:23:43.166554+00,true,1787433430625,mohamedeltayebreyad222,false,,
7e713545-e894-42e5-84c7-358406b021b6,2026-08-19,ايرادات,شيفت صباحي,,3595,عجز 7 جنيه,3bVUQUWfroMh0Iu3FOqXgd3Rp9z2,habibaalsaid761,9350,17:38,1787153936944,2026-08-19 15:36:27.556907+00,false,,,false,,
7e9d13cb-fabf-4d52-b0e0-8a5a0f888c3a,2026-08-14,طلبيات,ميديسين,,590,,YnGgwRjB33bhLbTtq5RSBQ8SYxG3,eltayebsayed07,5815,18:05,1786723520080,2026-08-14 16:02:49.507291+00,true,1786817917012,mohamedeltayebreyad222,false,,
7eb147ee-79bf-4cee-80d6-a79907ebfd30,2026-08-22,ذمم اونلاين,انستا باي,,1435,,rDALGpUJulVTVGwLLgFcUL1Na6b2,mohamedeltayebreyad222,3585,19:37,1787593064675,2026-08-24 16:37:47.931987+00,true,1787765636380,mohamedeltayebreyad222,true,1788110817702,mohamedeltayebreyad222
7ec6e440-2318-44db-a1e4-8eda79241a43,2026-07-26,طلبيات,نفرتيتي,,395,,YnGgwRjB33bhLbTtq5RSBQ8SYxG3,eltayebsayed07,9185,21:19,1785093595296,2026-07-26 19:17:26.311134+00,true,1785192901257,mohamedeltayebreyad222,false,,
7efc4136-1be1-4783-a214-443946c9af1e,2026-07-14,طلبيات,ميديسين,,1275,لم يصل داياميكرون 60,zjRlLH5xqnM5cpimCUlhuOXDB6U2,helmgza,7035,17:48,1784044127441,2026-07-14 15:46:22.939512+00,true,1784397840904,mohamedeltayebreyad222,false,,
7f4a9259-9e10-42db-81ea-1c109cc75faf,2026-07-28,طلبيات,ميراميديكال,85981,825,,zjRlLH5xqnM5cpimCUlhuOXDB6U2,helmgza,8520,10:52,1785228767551,2026-07-28 08:50:17.693698+00,true,1785526758238,mohamedeltayebreyad222,false,,
7f822f7b-d3ae-48a9-9813-f82ec67a69ba,2026-08-18,ذمم اونلاين,محفظة الصيدلية,,145,,zjRlLH5xqnM5cpimCUlhuOXDB6U2,helmgza,14490,17:40,1787067639984,2026-08-18 15:38:09.930935+00,true,1787427156614,mohamedeltayebreyad222,true,1787593229928,mohamedeltayebreyad222
8008145f-8b26-4b16-88a4-0805764396f4,2026-07-14,طلبيات,تارجت,,605,,zjRlLH5xqnM5cpimCUlhuOXDB6U2,helmgza,11820,17:40,1784043627742,2026-07-14 15:38:03.271071+00,true,1784393964700,mohamedeltayebreyad222,false,,
8022a452-2b47-49ff-9d68-d1e3891f6727,2026-08-11,ذمم اونلاين,محفظة الصيدلية,,175,,zjRlLH5xqnM5cpimCUlhuOXDB6U2,helmgza,7735,17:40,1786462817695,2026-08-11 15:37:46.63292+00,false,,,true,1786714726846,mohamedeltayebreyad222
80435996-0730-48e4-87fe-9b3ccd054c16,2026-08-01,مصاريف,رواتب,محمد,100,,zjRlLH5xqnM5cpimCUlhuOXDB6U2,helmgza,6115,00:00,1785621637962,2026-08-01 21:58:06.760733+00,false,1786711956184,mohamedeltayebreyad222,false,,
80802436-0137-44d0-9226-228399d681c5,2026-08-26,ارباح,أرباح الشهر,,5000,,zjRlLH5xqnM5cpimCUlhuOXDB6U2,helmgza,5425,23:48,1787780889601,2026-08-26 21:45:42.181379+00,false,,,false,,
80813c22-e6c1-4fa0-acf1-5601c1d624bd,2026-08-12,طلبيات,فارما جروب,,700,,zjRlLH5xqnM5cpimCUlhuOXDB6U2,helmgza,9675,18:56,1786553780797,2026-08-12 16:53:49.399881+00,true,1786708622641,mohamedeltayebreyad222,false,,
80f4c177-4037-4e49-8420-3e9ff369497a,2026-08-25,مصاريف,رواتب,د.محمد,15,,3bVUQUWfroMh0Iu3FOqXgd3Rp9z2,habibaalsaid761,9905,22:03,1787688211323,2026-08-25 20:01:03.958991+00,false,,,false,,
80f863fb-6265-463a-b763-44e95d24edb0,2026-08-10,طلبيات,شراء ادوية 50%,,550,,zjRlLH5xqnM5cpimCUlhuOXDB6U2,helmgza,13540,19:57,1786384636224,2026-08-10 17:54:44.404476+00,true,1786707710215,mohamedeltayebreyad222,false,,
819ab5ab-ed15-403b-a4be-a65ad2d67e88,2026-08-11,ايرادات,شيفت صباحي,,1955,,zjRlLH5xqnM5cpimCUlhuOXDB6U2,helmgza,7910,17:34,1786462482272,2026-08-11 15:32:11.283554+00,false,,,false,,
81a498f1-a219-4454-a3f1-2c231b16340f,2026-07-11,طلبيات,سبشيال فارما,26767,1295,,YnGgwRjB33bhLbTtq5RSBQ8SYxG3,eltayebsayed07,7415,13:03,1783767797232,2026-07-11 11:00:54.638972+00,true,1784394102135,mohamedeltayebreyad222,false,,
8287b2a2-cea5-475c-8537-792c5a63a56a,2026-08-16,مصاريف,مواصلات,,45,,3bVUQUWfroMh0Iu3FOqXgd3Rp9z2,habibaalsaid761,10030,16:00,1786888838577,2026-08-16 13:58:07.803921+00,false,,,false,,
82b0d23d-a02e-4065-ba98-dd829ee0f739,2026-07-31,مصاريف,توصيلات (دليفري / مشاوير),,15,,YnGgwRjB33bhLbTtq5RSBQ8SYxG3,eltayebsayed07,7675,02:25,1785457528848,2026-07-31 00:22:58.064831+00,true,1785618915472,mohamedeltayebreyad222,false,,
82c179d7-5c0c-41c4-8086-70bc85bec21a,2026-07-09,طلبيات,تارجت,11556,500,,zjRlLH5xqnM5cpimCUlhuOXDB6U2,helmgza,10595,19:07,1783616848986,2026-07-09 17:05:06.799661+00,true,1784393964700,mohamedeltayebreyad222,false,,
82dffd9a-0d94-4d81-ae05-f79a74fa5155,2026-08-20,مصاريف,صيانة عجلة,,70,,3bVUQUWfroMh0Iu3FOqXgd3Rp9z2,habibaalsaid761,14510,15:55,1787234155426,2026-08-20 13:53:26.935831+00,false,,,true,1787239484587,mohamedeltayebreyad222
833a20d2-debb-4209-8077-cdb7c8f7784d,2026-08-22,طلبيات,فارما جروب,23427//23422,5350,,3bVUQUWfroMh0Iu3FOqXgd3Rp9z2,habibaalsaid761,9650,12:03,1787392985440,2026-08-22 10:00:37.350849+00,true,1787432174219,mohamedeltayebreyad222,false,,
84e2be9f-aeab-42c5-b87f-0bbe0f636ac9,2026-07-30,مصاريف,رواتب,حسين,100,,YnGgwRjB33bhLbTtq5RSBQ8SYxG3,eltayebsayed07,7690,01:09,1785452994277,2026-07-30 23:07:23.581094+00,true,1786711809624,mohamedeltayebreyad222,false,,
84f53e67-202e-4632-9623-0ee8b7864b15,2026-07-31,مصاريف,رواتب,د.محمد,12000,,rDALGpUJulVTVGwLLgFcUL1Na6b2,mohamedeltayebreyad222,-5385,01:12,1785622361175,2026-08-01 22:12:40.338781+00,true,1786711809624,mohamedeltayebreyad222,false,,
857b6f15-bccc-467b-9111-6106770fe68b,2026-07-21,طلبيات,نيو ميديسن,,845,,zjRlLH5xqnM5cpimCUlhuOXDB6U2,helmgza,5590,16:32,1784644320602,2026-07-21 14:29:33.975271+00,true,1785192116869,mohamedeltayebreyad222,false,,
858cb480-93ff-4379-9901-f1c0ed68f0ba,2026-08-13,مصاريف,مواصلات,,20,,zjRlLH5xqnM5cpimCUlhuOXDB6U2,helmgza,7460,00:24,1786573465028,2026-08-12 22:21:53.582819+00,true,1786711578030,mohamedeltayebreyad222,false,,
8653115e-9781-480f-addd-552085c31a20,2026-08-12,طلبيات,فارما جروب,,6440,,zjRlLH5xqnM5cpimCUlhuOXDB6U2,helmgza,8635,11:59,1786528746028,2026-08-12 09:56:34.78726+00,true,1786708797279,mohamedeltayebreyad222,false,,
865cb183-c3e0-4708-a9ca-1c7bfe60f1cf,2026-08-19,مصاريف,رواتب,حسين,550,,zjRlLH5xqnM5cpimCUlhuOXDB6U2,helmgza,13110,01:57,1787097471871,2026-08-18 23:55:21.664787+00,false,,,false,,
8686f981-58f0-4d43-b2d0-3b68cae8852e,2026-08-15,ايرادات,شيفت صباحي,,2630,,3bVUQUWfroMh0Iu3FOqXgd3Rp9z2,habibaalsaid761,9130,18:20,1786810802424,2026-08-15 16:17:31.930104+00,false,,,false,,
87da8bc4-69f0-4860-a842-ffed85bf4d93,2026-07-09,طلبيات,نفرتيتي,,500,,zjRlLH5xqnM5cpimCUlhuOXDB6U2,helmgza,9495,23:52,1783633924480,2026-07-09 21:49:42.23876+00,true,1784398216041,mohamedeltayebreyad222,false,,
886cb31c-52de-4e5d-bd42-5c73127d8472,2026-07-22,طلبيات,تارجت,27505,600,,zjRlLH5xqnM5cpimCUlhuOXDB6U2,helmgza,7025,15:06,1784725581198,2026-07-22 13:03:53.713087+00,true,1785192076272,mohamedeltayebreyad222,false,,
88c98bfe-a52b-4be2-81fe-f6e33a86ed56,2026-08-04,طلبيات,نيو طيبة,,930,,YnGgwRjB33bhLbTtq5RSBQ8SYxG3,eltayebsayed07,9670,13:37,1785843462934,2026-08-04 11:35:10.980691+00,true,1786706594088,mohamedeltayebreyad222,false,,
8909930b-e7ba-49f3-a3ff-50ca1c899255,2026-08-24,مصاريف,مستلزمات نظافة,,55,,3bVUQUWfroMh0Iu3FOqXgd3Rp9z2,habibaalsaid761,3895,16:45,1787582753812,2026-08-24 14:43:25.385797+00,false,,,false,,
8953ca01-d52c-4468-b15d-203df3ea8225,2026-08-03,طلبيات,تراست,,940,,3bVUQUWfroMh0Iu3FOqXgd3Rp9z2,habibaalsaid761,15365,12:14,1785752047299,2026-08-03 10:11:35.533069+00,true,1786706897380,mohamedeltayebreyad222,false,,
89ab94ee-d7ba-4cf3-a4f0-16d1a106f2d9,2026-08-03,طلبيات,ميراميديكال,3686,905,,YnGgwRjB33bhLbTtq5RSBQ8SYxG3,eltayebsayed07,11390,22:26,1785788776129,2026-08-03 20:23:44.320212+00,true,1786705832467,mohamedeltayebreyad222,false,,
89f1c7f0-3e19-4aba-a8e8-781bebabc0b4,2026-08-16,طلبيات,ميراميديكال,17198,1060,,YnyOSR0xMMRKYHqcWf9Byd0XQsG2,طارق التايب,10924,20:20,1786904428981,2026-08-16 18:17:58.214064+00,true,1787431809353,mohamedeltayebreyad222,false,,
89f728a9-3383-4a14-8024-e414bb3eccb0,2026-07-11,طلبيات,اليكس واي,29244///29239//29248,1380,,YnGgwRjB33bhLbTtq5RSBQ8SYxG3,eltayebsayed07,5195,14:42,1783773724244,2026-07-11 12:39:41.549846+00,true,1784393909320,mohamedeltayebreyad222,false,,
8aaec386-5002-451d-9e7e-a5ca8b13eeeb,2026-08-16,طلبيات,ميجا ستور,10162,350,,3bVUQUWfroMh0Iu3FOqXgd3Rp9z2,habibaalsaid761,12850,18:44,1786898644849,2026-08-16 16:41:34.13926+00,true,1787433347690,mohamedeltayebreyad222,false,,
8b391a8a-67cf-4682-9732-f5c368e2b93c,2026-08-11,طلبيات,ميراميديكال,,320,,zjRlLH5xqnM5cpimCUlhuOXDB6U2,helmgza,6335,18:33,1786465994508,2026-08-11 16:30:43.411302+00,true,1786705832467,mohamedeltayebreyad222,false,,
8b6179e0-f566-4701-bec1-f976ed5b68db,2026-08-13,مصاريف,فرق حساب,,30,,YnGgwRjB33bhLbTtq5RSBQ8SYxG3,eltayebsayed07,14145,17:54,1786636482803,2026-08-13 15:52:11.839785+00,true,1786711935430,mohamedeltayebreyad222,false,,
8b7215d5-a8f9-49b3-871c-9f654167f530,2026-08-18,ذمم اونلاين,محفظة الصيدلية,,790,اميره - حياه,YnyOSR0xMMRKYHqcWf9Byd0XQsG2,طارق التايب,9360,14:36,1787056590216,2026-08-18 12:34:00.261152+00,true,1787427165180,mohamedeltayebreyad222,true,1787593229928,mohamedeltayebreyad222
8bfff888-7460-4a52-b087-573393da0d54,2026-08-25,ارباح,أرباح الشهر,,5000,,3bVUQUWfroMh0Iu3FOqXgd3Rp9z2,habibaalsaid761,4495,23:49,1787694562038,2026-08-25 21:46:54.824235+00,false,,,false,,
8c13c8d4-6021-45ae-9963-0de22476a2a0,2026-08-27,طلبيات,تارجت,,650,,zjRlLH5xqnM5cpimCUlhuOXDB6U2,helmgza,7560,17:58,1787846331690,2026-08-27 15:56:24.745784+00,false,,,false,,
8c1f327b-6f2c-400d-8cc5-b9e5b86512b3,2026-07-24,طلبيات,كير,,840,,zjRlLH5xqnM5cpimCUlhuOXDB6U2,helmgza,11035,18:19,1784909987387,2026-07-24 16:17:19.050024+00,true,1785192990289,mohamedeltayebreyad222,false,,
8cc99ac1-d43a-4dd7-b60d-2e9f09f489a4,2026-07-27,مصاريف,رواتب,السيد,700,,rDALGpUJulVTVGwLLgFcUL1Na6b2,mohamedeltayebreyad222,7940,02:06,1785107211940,2026-07-26 23:06:50.533913+00,true,1786711809624,mohamedeltayebreyad222,false,,
8d0af900-da97-4f2f-8f6c-fe22ae0e6fbe,2026-08-30,ايرادات,شيفت مسائي,,13185,,3bVUQUWfroMh0Iu3FOqXgd3Rp9z2,habibaalsaid761,14715,02:43,1788050589251,2026-08-30 00:40:41.882271+00,false,,,false,,
8d895dd8-caaf-45fd-80ef-be0812c2d3b6,2026-08-23,ايرادات,شيفت مسائي,,8020,,zjRlLH5xqnM5cpimCUlhuOXDB6U2,helmgza,15395,02:21,1787444509375,2026-08-23 00:19:21.086892+00,false,,,false,,
8da6965f-9de2-4b04-ac53-f2b862e76a83,2026-07-20,طلبيات,الابرار,77373,1160,,zjRlLH5xqnM5cpimCUlhuOXDB6U2,helmgza,10840,13:47,1784548064577,2026-07-20 11:45:18.299024+00,true,1784676957050,mohamedeltayebreyad222,false,,
8dc0d0ad-b6fe-4d2b-b3bb-fcac3e1fb562,2026-07-10,مصاريف,مواصلات,,30,,zjRlLH5xqnM5cpimCUlhuOXDB6U2,helmgza,11975,22:19,1783714753239,2026-07-10 20:16:50.594613+00,true,1784398369257,mohamedeltayebreyad222,false,,
8de619de-9c7e-4b14-ab6d-efa1ed70786c,2026-08-24,مصاريف,رواتب,السيد,650,,YnGgwRjB33bhLbTtq5RSBQ8SYxG3,eltayebsayed07,11245,00:55,1787525740784,2026-08-23 22:53:12.376818+00,false,,,false,,
8e3d983b-da4f-426d-b767-1cb8ff680732,2026-07-16,طلبيات,فارما جروب,250605/250611,2680,,zjRlLH5xqnM5cpimCUlhuOXDB6U2,helmgza,8500,12:14,1784196889002,2026-07-16 10:12:24.799586+00,true,1784396033594,mohamedeltayebreyad222,false,,
8f052e51-30e1-4be4-8c49-6a40f744c922,2026-07-27,طلبيات,ماستر كوزمو,10858,585,,YnGgwRjB33bhLbTtq5RSBQ8SYxG3,eltayebsayed07,765,18:29,1785169770749,2026-07-27 16:27:01.670478+00,true,1785191893365,mohamedeltayebreyad222,false,,
8ff69873-1bb4-40e9-b744-abf5b18be588,2026-07-15,طلبيات,ص. الطيبي,,550,اسامه الطيبي,zjRlLH5xqnM5cpimCUlhuOXDB6U2,helmgza,7745,22:30,1784147403154,2026-07-15 20:27:38.785689+00,true,1784395582944,mohamedeltayebreyad222,false,,
902453d9-de5f-439a-b0d6-96be6f07f29a,2026-08-08,ايرادات,شيفت مسائي,,11155,,YnyOSR0xMMRKYHqcWf9Byd0XQsG2,طارق التايب,17230,01:33,1786231991066,2026-08-08 23:30:39.434489+00,false,,,false,,
904f3a99-c279-4279-8e24-55114fd7f0b2,2026-08-11,طلبيات,تارجت,,680,,zjRlLH5xqnM5cpimCUlhuOXDB6U2,helmgza,6655,18:31,1786465862128,2026-08-11 16:28:31.106219+00,true,1786706552309,mohamedeltayebreyad222,false,,
909e5a4a-f47b-4471-bb6d-31bac0780159,2026-08-22,ايرادات,تسوية ذمم أونلاين,,620,تسوية: انستا باي — 2026-08-20,rDALGpUJulVTVGwLLgFcUL1Na6b2,mohamedeltayebreyad222,12715,22:24,1787426690136,2026-08-22 19:24:50.232539+00,false,,,true,1787502643613,mohamedeltayebreyad222
90aae9d6-a3a0-4e17-aba6-9d44d9c2234c,2026-07-19,مصاريف,رواتب,السيد,600,,YnGgwRjB33bhLbTtq5RSBQ8SYxG3,eltayebsayed07,10730,00:15,1784499338028,2026-07-19 22:13:11.791188+00,true,1786711809624,mohamedeltayebreyad222,false,,
90bb4651-e004-49d1-ab1d-3758977f4bb7,2026-08-18,ايرادات,شيفت صباحي,,5360,,3bVUQUWfroMh0Iu3FOqXgd3Rp9z2,habibaalsaid761,14720,17:09,1787065748509,2026-08-18 15:06:38.463738+00,false,,,false,,
9208225e-8d7a-42ac-b8ce-ebb238186426,2026-07-17,ايرادات,شيفت مسائي,,5560,,zjRlLH5xqnM5cpimCUlhuOXDB6U2,helmgza,17300,01:55,1784332526229,2026-07-17 23:53:01.26805+00,false,,,false,,
92144b63-a49d-4535-9fba-fcb55e00e786,2026-08-26,مصاريف,مواصلات,,30,,3bVUQUWfroMh0Iu3FOqXgd3Rp9z2,habibaalsaid761,4415,00:30,1787697042381,2026-08-25 22:28:15.030276+00,false,,,false,,
922c1597-6a51-4c90-80c0-c59b7f316b53,2026-07-26,مصاريف,رواتب,ياسين,500,,YnGgwRjB33bhLbTtq5RSBQ8SYxG3,eltayebsayed07,9880,21:16,1785093417692,2026-07-26 19:14:28.698408+00,true,1786711809624,mohamedeltayebreyad222,false,,
92c7ee8c-f54c-4451-9244-366cd8ef2c17,2026-07-23,مصاريف,مياه,,215,,zjRlLH5xqnM5cpimCUlhuOXDB6U2,helmgza,14635,11:07,1784797627497,2026-07-23 09:04:39.923143+00,true,1785193708550,mohamedeltayebreyad222,false,,
92d681bf-e286-48b9-b1c0-40dd381ae07a,2026-07-19,مصاريف,أدوات مكتبية,,10,,zjRlLH5xqnM5cpimCUlhuOXDB6U2,helmgza,7700,12:40,1784457628362,2026-07-19 10:38:02.344085+00,true,1785193462256,mohamedeltayebreyad222,false,,
938c2d41-fd76-4fc8-83a1-f8c9df7b9f55,2026-07-08,طلبيات,نفرتيتي,,380,,zjRlLH5xqnM5cpimCUlhuOXDB6U2,helmgza,4270,01:05,1783551950678,2026-07-08 23:03:28.63709+00,true,1784398216041,mohamedeltayebreyad222,false,,
93b76be3-4c7a-44ea-9dc6-c0abd9f1d91c,2026-07-18,مصاريف,رواتب,محمد,100,جديد,rDALGpUJulVTVGwLLgFcUL1Na6b2,mohamedeltayebreyad222,13480,21:19,1784398788889,2026-07-18 18:19:47.905538+00,true,1786711809624,mohamedeltayebreyad222,false,,
93cca635-bc46-4dfc-ae3f-7a752d9a70da,2026-08-12,طلبيات,نفرتيتي,,1145,,zjRlLH5xqnM5cpimCUlhuOXDB6U2,helmgza,7490,13:46,1786535213668,2026-08-12 11:44:22.31777+00,true,1786706877328,mohamedeltayebreyad222,false,,
93d74da2-600b-481a-bd20-934c267ee500,2026-08-04,طلبيات,تارجت,44089//43454,1275,,YnGgwRjB33bhLbTtq5RSBQ8SYxG3,eltayebsayed07,7615,16:19,1785853179425,2026-08-04 14:17:07.5172+00,true,1786706277697,mohamedeltayebreyad222,false,,
94493560-4cbb-48b0-a074-83db83f9962d,2026-08-20,طلبيات,شراء ادوية 50%,,230,سيفترياكسون 4 حقن,3bVUQUWfroMh0Iu3FOqXgd3Rp9z2,habibaalsaid761,10445,18:21,1787242918544,2026-08-20 16:19:30.095801+00,true,1787433943602,mohamedeltayebreyad222,false,,
948c1405-1f79-4f2f-a4cb-285917f60604,2026-08-10,طلبيات,شراء ادوية 50%,,250,,zjRlLH5xqnM5cpimCUlhuOXDB6U2,helmgza,12010,23:56,1786398999686,2026-08-10 21:54:07.757221+00,true,1786707710215,mohamedeltayebreyad222,false,,
94a1ef4c-5039-4b70-a10a-3800d483c455,2026-08-21,طلبيات,الابرار,90033,5275,بعد مرتجع ريكوكسيبرايت 60,3bVUQUWfroMh0Iu3FOqXgd3Rp9z2,habibaalsaid761,11340,11:46,1787305614220,2026-08-21 09:44:25.8141+00,true,1787430966878,mohamedeltayebreyad222,false,,
94fd03dd-3979-4d76-baf8-07aea8e9f155,2026-07-25,طلبيات,نفرتيتي,,135,بعد مرتج الشامبوو,YnGgwRjB33bhLbTtq5RSBQ8SYxG3,eltayebsayed07,14540,20:21,1785003705989,2026-07-25 18:19:17.570635+00,true,1785192901257,mohamedeltayebreyad222,false,,
956da326-11dc-4cb1-b6ad-aa6f0d25696f,2026-08-03,طلبيات,تارجت,42382,780,,YnGgwRjB33bhLbTtq5RSBQ8SYxG3,eltayebsayed07,15105,17:45,1785771915419,2026-08-03 15:42:43.618768+00,true,1786706255704,mohamedeltayebreyad222,false,,
95a232ea-ff82-4320-9f51-6204f064c95a,2026-07-21,طلبيات,رويال فارما,,1325,,zjRlLH5xqnM5cpimCUlhuOXDB6U2,helmgza,5000,18:16,1784650566042,2026-07-21 16:13:39.400534+00,true,1785191953105,mohamedeltayebreyad222,false,,
962757a3-3968-4772-960b-137b984bc97b,2026-07-27,مصاريف,رواتب,حسين,200,,YnGgwRjB33bhLbTtq5RSBQ8SYxG3,eltayebsayed07,3210,11:49,1785145784113,2026-07-27 09:47:15.134365+00,true,1786711809624,mohamedeltayebreyad222,false,,
975cbab9-897e-438c-abf7-3013f0f07ed4,2026-07-11,طلبيات,عابدين,125367//125367,475,,3bVUQUWfroMh0Iu3FOqXgd3Rp9z2,habibaalsaid761,4437,16:44,1783781054982,2026-07-11 14:41:52.329285+00,true,1784472189273,mohamedeltayebreyad222,false,,
9824c7b3-995d-4d0e-bcde-f3e906cc8a97,2026-08-29,طلبيات,نفرتيتي,,500,,3bVUQUWfroMh0Iu3FOqXgd3Rp9z2,habibaalsaid761,1530,02:05,1788048305990,2026-08-30 00:02:38.639875+00,false,,,false,,
98fbdc30-e999-45d4-9819-d5efb8d53ceb,2026-08-15,ايرادات,شيفت مسائي,,6760,زياده 60 جنيه,YnGgwRjB33bhLbTtq5RSBQ8SYxG3,eltayebsayed07,10910,02:42,1786754538940,2026-08-15 00:39:48.127321+00,false,,,false,,
9920809e-6a0b-45c2-8b79-301206adbfe8,2026-08-08,طلبيات,ميراميديكال,,605,,YnyOSR0xMMRKYHqcWf9Byd0XQsG2,طارق التايب,14075,20:43,1786214611573,2026-08-08 18:41:00.02251+00,true,1786705832467,mohamedeltayebreyad222,false,,
9991a3b7-8f15-49f2-ade0-1a959e4e9dfa,2026-08-16,ايرادات,شيفت مسائي,,5300,عجز 55,YnyOSR0xMMRKYHqcWf9Byd0XQsG2,طارق التايب,13770,02:10,1786925429665,2026-08-17 00:07:58.816262+00,false,,,false,,
99ad7097-cec5-4bb8-b002-ea548f4e8075,2026-07-20,مصاريف,رواتب,محمد,200,,zjRlLH5xqnM5cpimCUlhuOXDB6U2,helmgza,11120,17:59,1784563147157,2026-07-20 15:56:40.827161+00,true,1786711809624,mohamedeltayebreyad222,false,,
99ae045e-a4bd-4330-9164-6e2db9704081,2026-07-22,طلبيات,ميراميديكال,80126,505,,zjRlLH5xqnM5cpimCUlhuOXDB6U2,helmgza,7625,14:01,1784721661866,2026-07-22 11:58:34.389201+00,true,1785191754878,mohamedeltayebreyad222,false,,
9a463a3a-b4dd-4f1f-a72b-fdc7a54e89e9,2026-07-31,طلبيات,شراء ادوية 50%,,75,,zjRlLH5xqnM5cpimCUlhuOXDB6U2,helmgza,13900,20:05,1785521122460,2026-07-31 18:02:51.944063+00,true,1785526408114,mohamedeltayebreyad222,false,,
9a783078-1907-49e1-8079-9d27b6fa63ba,2026-08-14,ذمم اونلاين,انستا باي,,910,,zjRlLH5xqnM5cpimCUlhuOXDB6U2,helmgza,11210,00:03,1786658633130,2026-08-13 22:01:22.03882+00,false,,,true,1786714769663,mohamedeltayebreyad222
9a8274d3-5ebf-4012-9f46-31f8391c83d5,2026-07-22,طلبيات,رويال فارما,,920,,zjRlLH5xqnM5cpimCUlhuOXDB6U2,helmgza,9075,18:31,1784737879824,2026-07-22 16:28:52.325004+00,true,1785191953105,mohamedeltayebreyad222,false,,
9a9e84d9-c21e-41ed-a690-5b7023ae7886,2026-08-15,ذمم اونلاين,محفظة الصيدلية,,320,,3bVUQUWfroMh0Iu3FOqXgd3Rp9z2,habibaalsaid761,8810,18:25,1786811152252,2026-08-15 16:23:21.693705+00,true,1787427243298,mohamedeltayebreyad222,true,1787593229928,mohamedeltayebreyad222
9bcd3050-4ad2-4f4d-bd61-af2648679767,2026-08-01,مصاريف,أدوات مكتبية,,30,,zjRlLH5xqnM5cpimCUlhuOXDB6U2,helmgza,2590,19:41,1785606093589,2026-08-01 17:39:02.448259+00,true,1785618799389,mohamedeltayebreyad222,false,,
9c0af0e2-36dc-42dc-b7f5-a1560f31538e,2026-07-26,مصاريف,رواتب,محمد,100,,YnGgwRjB33bhLbTtq5RSBQ8SYxG3,eltayebsayed07,10495,21:15,1785093354496,2026-07-26 19:13:25.514496+00,true,1786711809624,mohamedeltayebreyad222,false,,
9c815f8a-9474-4f9c-a505-8c932e865873,2026-08-01,مصاريف,مواصلات,,50,,zjRlLH5xqnM5cpimCUlhuOXDB6U2,helmgza,10625,22:42,1785616959464,2026-08-01 20:40:08.344085+00,true,1785619150285,mohamedeltayebreyad222,false,,
9cc69796-07f0-4e5c-96bb-8021b95ac030,2026-08-24,طلبيات,تارجت,,1005,,3bVUQUWfroMh0Iu3FOqXgd3Rp9z2,habibaalsaid761,4400,17:05,1787583919318,2026-08-24 15:02:50.842533+00,true,1787684415801,mohamedeltayebreyad222,false,,
9d1ccc39-f25f-45c2-9c46-1c5565746a7c,2026-08-27,مصاريف,رواتب,حودة,300,,rDALGpUJulVTVGwLLgFcUL1Na6b2,mohamedeltayebreyad222,10425,00:37,1787783867380,2026-08-26 21:37:53.834783+00,false,,,false,,
9d5818a9-8eb5-4c17-8b1c-f779ea09c777,2026-08-09,ايرادات,شيفت صباحي,,3750,50,3bVUQUWfroMh0Iu3FOqXgd3Rp9z2,habibaalsaid761,14395,17:31,1786289481900,2026-08-09 15:28:49.877162+00,false,,,false,,
9e3ba9d1-74af-47f1-9749-cec0de0bfcc6,2026-08-24,ايرادات,د.محمد ايداع,,1000,,3bVUQUWfroMh0Iu3FOqXgd3Rp9z2,habibaalsaid761,4445,15:12,1787577178564,2026-08-24 13:10:30.094858+00,false,,,false,,
9f3dee86-6733-407f-9664-0422c9774bf1,2026-08-23,طلبيات,ميجا ستور,,415,,zjRlLH5xqnM5cpimCUlhuOXDB6U2,helmgza,7750,17:34,1787499295152,2026-08-23 15:32:26.952852+00,true,1787684862461,mohamedeltayebreyad222,false,,
9f595530-5dd2-4dcd-95b7-e2a4f0a49668,2026-08-24,مصاريف,رواتب,محمد,100,,YnGgwRjB33bhLbTtq5RSBQ8SYxG3,eltayebsayed07,11895,00:55,1787525723863,2026-08-23 22:52:55.462188+00,false,,,false,,
9f890e16-fd6b-456a-89ac-577951e8f007,2026-08-04,طلبيات,نيو طيبة,49534,750,بعد المرتجع,YnGgwRjB33bhLbTtq5RSBQ8SYxG3,eltayebsayed07,9005,17:28,1785857291584,2026-08-04 15:25:39.591498+00,true,1786706594088,mohamedeltayebreyad222,false,,
9fa3f733-cf45-4f46-bb45-4a5ddab83fd4,2026-08-19,طلبيات,شراء ادوية 50%,,150,,3bVUQUWfroMh0Iu3FOqXgd3Rp9z2,habibaalsaid761,6990,14:15,1787141709378,2026-08-19 12:12:40.108076+00,true,1787433943602,mohamedeltayebreyad222,false,,
9fedf2b6-42e4-4b9e-9ea0-a617b5d95809,2026-07-24,ايرادات,شيفت مسائي,,6115,,rDALGpUJulVTVGwLLgFcUL1Na6b2,mohamedeltayebreyad222,11865,02:44,1784936681960,2026-07-24 23:44:41.966474+00,false,,,false,,
9FqIqaQ0AWP34I65AvdF,2026-07-06,ايرادات,شيفت صباحي,,7005,زياده 50 جنيه,zjRlLH5xqnM5cpimCUlhuOXDB6U2,حسين احمد,7545,,1783360062363,2026-07-08 22:09:58.316966+00,true,1783466161780,محمد التايب,false,,
9Zj2FnMCrHzsLDQ7RUfC,2026-07-07,طلبيات,شراء ادوية 50%,,1530,,zjRlLH5xqnM5cpimCUlhuOXDB6U2,حسين احمد,10170,23:50,1783461055803,2026-07-08 22:09:58.316966+00,true,1783462150306,محمد التايب,false,,
a01a8623-31c9-4096-861a-e16fadccbdc5,2026-08-16,طلبيات,نفرتيتي,,85,,YnyOSR0xMMRKYHqcWf9Byd0XQsG2,طارق التايب,8420,22:35,1786912559453,2026-08-16 20:33:28.663545+00,true,1787432889417,mohamedeltayebreyad222,false,,
a050d0f8-d8d0-4b5e-882b-44e15c33e765,2026-08-09,ذمم اونلاين,محفظة الصيدلية,,800,33 ش,3bVUQUWfroMh0Iu3FOqXgd3Rp9z2,habibaalsaid761,11530,15:46,1786283183577,2026-08-09 13:43:51.651437+00,false,,,true,1786714726846,mohamedeltayebreyad222
a105979f-8a02-4205-8bec-d16c752ad0e2,2026-07-29,مصاريف,توصيلات (دليفري / مشاوير),,25,,YnGgwRjB33bhLbTtq5RSBQ8SYxG3,eltayebsayed07,10205,22:30,1785357027707,2026-07-29 20:27:57.874468+00,true,1785618915472,mohamedeltayebreyad222,false,,
a139c789-1067-4302-aa68-314bc65cf6ad,2026-08-01,طلبيات,شراء ادوية 50%,,1900,,zjRlLH5xqnM5cpimCUlhuOXDB6U2,helmgza,8485,20:46,1785609986659,2026-08-01 18:43:55.533046+00,true,1785618382212,mohamedeltayebreyad222,false,,
a143f932-b660-4924-bc30-ce9d6bcdb2ed,2026-07-19,مصاريف,رواتب,حسين,500,,zjRlLH5xqnM5cpimCUlhuOXDB6U2,helmgza,7200,12:53,1784458382870,2026-07-19 10:50:36.772898+00,true,1786711809624,mohamedeltayebreyad222,false,,
a1524338-52ed-4067-ad09-f5e488038057,2026-08-06,طلبيات,نيو طيبة,,1880,,rDALGpUJulVTVGwLLgFcUL1Na6b2,mohamedeltayebreyad222,3095,19:40,1786034416437,2026-08-06 16:40:15.780952+00,true,1786706594088,mohamedeltayebreyad222,false,,
a1df1bed-15ad-4ad2-a940-28572c2c1672,2026-08-27,ايرادات,شيفت صباحي,,3150,,zjRlLH5xqnM5cpimCUlhuOXDB6U2,helmgza,8700,17:24,1787844243805,2026-08-27 15:21:36.879536+00,false,,,false,,
a2210db9-d0ca-4cb1-a2d5-e722c8392e24,2026-07-18,طلبيات,مودرن فارما,,2340,,zjRlLH5xqnM5cpimCUlhuOXDB6U2,helmgza,11165,14:14,1784376846169,2026-07-18 12:11:40.435719+00,true,1784397711400,mohamedeltayebreyad222,false,,
a3174ac5-8fe7-4fef-b1d6-97354725a2aa,2026-07-30,طلبيات,ميديسين,25919,620,,YnGgwRjB33bhLbTtq5RSBQ8SYxG3,eltayebsayed07,7815,13:14,1785410075264,2026-07-30 11:12:04.755922+00,true,1785530099946,mohamedeltayebreyad222,false,,
a38d5b65-c5b9-4208-aa3f-81b69a56bbf7,2026-07-11,طلبيات,هيلثى فارم,18863,1135,,rDALGpUJulVTVGwLLgFcUL1Na6b2,mohamedeltayebreyad222,5472,18:10,1783786231777,2026-07-11 16:08:09.055324+00,true,1784398250256,mohamedeltayebreyad222,false,,
a3ce165c-c0ec-47e8-b99e-ced392c7b30c,2026-07-24,مصاريف,رواتب,محمد,100,,zjRlLH5xqnM5cpimCUlhuOXDB6U2,helmgza,12405,17:28,1784906893036,2026-07-24 15:25:44.751167+00,true,1786711809624,mohamedeltayebreyad222,false,,
a4810afc-2f67-4ff2-ba42-9b7374043bf6,2026-08-11,مصاريف,أدوات مكتبية,,30,,zjRlLH5xqnM5cpimCUlhuOXDB6U2,helmgza,6305,19:35,1786469714068,2026-08-11 17:32:42.962214+00,true,1786711584962,mohamedeltayebreyad222,false,,
a49e041b-e2d1-4477-bad4-277536f1fed3,2026-08-09,طلبيات,فارما جروب,,885,بعد  المرتجعات,3bVUQUWfroMh0Iu3FOqXgd3Rp9z2,habibaalsaid761,10645,16:38,1786286327382,2026-08-09 14:36:15.422435+00,true,1786709649132,mohamedeltayebreyad222,false,,
a53b42c6-ecb2-4796-b9ea-6b7b123ae468,2026-08-26,طلبيات,ماستر كوزمو,,750,,zjRlLH5xqnM5cpimCUlhuOXDB6U2,helmgza,11260,18:37,1787762264758,2026-08-26 16:35:17.433131+00,false,,,false,,
a55fc3a7-2341-4c39-b08c-2882614e2665,2026-07-25,طلبيات,اليكس واي,,705,,YnGgwRjB33bhLbTtq5RSBQ8SYxG3,eltayebsayed07,8390,15:13,1784985192023,2026-07-25 13:10:43.652727+00,true,1785191438642,mohamedeltayebreyad222,false,,
a59322b8-9bf8-4e8d-a077-6f4e6d51ec40,2026-08-04,طلبيات,نيو ميديسن,,825,,YnGgwRjB33bhLbTtq5RSBQ8SYxG3,eltayebsayed07,3580,19:09,1785863345131,2026-08-04 17:06:33.193001+00,true,1786706793185,mohamedeltayebreyad222,false,,
a5c8d372-c8ed-4eb3-893c-de7202ceaa25,2026-08-30,طلبيات,تارجت,,5565,,3bVUQUWfroMh0Iu3FOqXgd3Rp9z2,habibaalsaid761,8400,17:55,1788105338276,2026-08-30 15:53:11.541141+00,false,,,false,,
a6011432-8614-40bf-ad18-73ac85c3a5e1,2026-08-01,طلبيات,فارما جروب,628/611/619,5385,بعد المرتجعات,zjRlLH5xqnM5cpimCUlhuOXDB6U2,helmgza,11425,11:57,1785578226284,2026-08-01 09:54:35.25724+00,true,1785618498821,mohamedeltayebreyad222,false,,
a60b1ed8-c1fa-497d-badd-8b4143290c55,2026-08-09,ذمم اونلاين,محفظة الصيدلية,,240,,zjRlLH5xqnM5cpimCUlhuOXDB6U2,helmgza,5750,22:47,1786308477775,2026-08-09 20:45:25.727112+00,false,,,true,1786714726846,mohamedeltayebreyad222
a626417a-8fc7-4dd5-b848-b3bfdf963842,2026-07-15,ايرادات,شيفت مسائي,,5700,زياده 100,zjRlLH5xqnM5cpimCUlhuOXDB6U2,helmgza,11180,02:14,1784160873064,2026-07-16 00:12:08.642907+00,false,,,false,,
a687f297-127b-42a2-acd4-030507cca4d5,2026-08-03,طلبيات,اليكس واي,,1700,,3bVUQUWfroMh0Iu3FOqXgd3Rp9z2,habibaalsaid761,13665,12:48,1785754093307,2026-08-03 10:45:41.635883+00,true,1786705949062,mohamedeltayebreyad222,false,,
a68866ea-fe29-4f4b-8e45-9779dba3c10b,2026-08-12,ايرادات,شيفت صباحي,,4610,,zjRlLH5xqnM5cpimCUlhuOXDB6U2,helmgza,10980,17:30,1786548604849,2026-08-12 15:27:33.450997+00,false,,,false,,
a6a2d3c3-f984-427f-9ca5-36b345ad8c4f,2026-08-03,مصاريف,رواتب,محمد,300,,YnGgwRjB33bhLbTtq5RSBQ8SYxG3,eltayebsayed07,10205,00:25,1785795926260,2026-08-03 22:22:54.438781+00,false,1786711958110,mohamedeltayebreyad222,false,,
a7e81944-af68-4d53-9925-b7cfe0a17490,2026-08-28,ذمم اونلاين,محفظة الصيدلية,,130,,3bVUQUWfroMh0Iu3FOqXgd3Rp9z2,habibaalsaid761,4390,17:06,1787929565661,2026-08-28 15:03:38.854912+00,true,1788110880060,mohamedeltayebreyad222,true,1788114076511,mohamedeltayebreyad222
a80550c4-b33b-49ff-a4c1-83ce559c7eaf,2026-07-31,ايرادات,بداية العهدة,,1,,rDALGpUJulVTVGwLLgFcUL1Na6b2,mohamedeltayebreyad222,11600,17:29,1785508182470,2026-07-31 14:29:42.819483+00,false,,,false,,
a8a38abe-53a0-4d7c-ace0-a1d4a2587728,2026-07-16,مصاريف,رواتب,محمد,100,,zjRlLH5xqnM5cpimCUlhuOXDB6U2,helmgza,5850,22:57,1784235474788,2026-07-16 20:55:30.423853+00,true,1786711809624,mohamedeltayebreyad222,false,,
a8fc1f5b-393a-4819-b36b-a75c2909ff44,2026-07-11,مصاريف,تليفون أرضي / موبايل,,25,,rDALGpUJulVTVGwLLgFcUL1Na6b2,mohamedeltayebreyad222,4537,22:42,1783802522340,2026-07-11 20:39:39.544573+00,true,1784398594219,mohamedeltayebreyad222,false,,
a95d3588-f67c-4dd6-afc7-89e24c22d159,2026-07-18,ايرادات,شيفت صباحي,,3120,,zjRlLH5xqnM5cpimCUlhuOXDB6U2,helmgza,15500,17:39,1784389197895,2026-07-18 15:37:32.076483+00,false,,,false,,
a9a6ca29-5bb7-4bda-8511-e9a3620c8e9f,2026-07-11,مصاريف,رواتب,حبيبة,600,,3bVUQUWfroMh0Iu3FOqXgd3Rp9z2,habibaalsaid761,6607,17:30,1783783853896,2026-07-11 15:28:31.153063+00,true,1786711809624,mohamedeltayebreyad222,false,,
a9b50b3b-febf-4e87-8373-b718a298ca1b,2026-08-26,ذمم اونلاين,انستا باي,,290,,zjRlLH5xqnM5cpimCUlhuOXDB6U2,helmgza,10725,22:36,1787776596012,2026-08-26 20:34:08.625518+00,true,1788110710515,mohamedeltayebreyad222,true,1788110817702,mohamedeltayebreyad222
aa09d985-a604-420f-908b-c530935a226b,2026-08-05,مصاريف,توصيلات (دليفري / مشاوير),,20,,zjRlLH5xqnM5cpimCUlhuOXDB6U2,helmgza,910,22:53,1785963191789,2026-08-05 20:50:39.45362+00,true,1786711662112,mohamedeltayebreyad222,false,,
aaa015a8-1c24-4d85-acd7-488ec17896ee,2026-08-14,طلبيات,شراء ادوية 50%,3930,830,,YnGgwRjB33bhLbTtq5RSBQ8SYxG3,eltayebsayed07,17430,14:48,1786711706505,2026-08-14 12:45:55.972559+00,true,1786817926734,mohamedeltayebreyad222,false,,
aad31f17-6f48-4cde-be07-41de6ee27e58,2026-07-18,طلبيات,تراست,,1060,,zjRlLH5xqnM5cpimCUlhuOXDB6U2,helmgza,15130,11:47,1784368059118,2026-07-18 09:45:13.362731+00,true,1784394026004,mohamedeltayebreyad222,false,,
aada8be9-6327-4aa1-bec5-869921759ae6,2026-08-27,ذمم اونلاين,محفظة الصيدلية,,165,,zjRlLH5xqnM5cpimCUlhuOXDB6U2,helmgza,5210,02:17,1787789874851,2026-08-27 00:15:27.470597+00,true,1788110907833,mohamedeltayebreyad222,true,1788114076511,mohamedeltayebreyad222
ab11eeb5-059d-4306-9aa7-22d59d91a390,2026-07-14,مصاريف,توصيلات (دليفري / مشاوير),,40,,zjRlLH5xqnM5cpimCUlhuOXDB6U2,helmgza,5645,18:04,1784045081585,2026-07-14 16:02:17.184117+00,true,1784398625105,mohamedeltayebreyad222,false,,
ac74de99-d8d5-43b2-a35d-732452370ca1,2026-08-07,طلبيات,ميديسين,,600,,zjRlLH5xqnM5cpimCUlhuOXDB6U2,helmgza,8775,19:25,1786123536301,2026-08-07 17:23:04.805792+00,true,1786707904639,mohamedeltayebreyad222,false,,
ac91db90-111a-4106-9476-67b637dac98e,2026-07-21,طلبيات,اليكس واي,,1155,,zjRlLH5xqnM5cpimCUlhuOXDB6U2,helmgza,8880,12:43,1784630596155,2026-07-21 10:40:49.646262+00,true,1785191440453,mohamedeltayebreyad222,false,,
acc2a211-bd74-4299-968f-85b6d0c4910f,2026-07-26,مصاريف,سكر,,30,,YnGgwRjB33bhLbTtq5RSBQ8SYxG3,eltayebsayed07,10595,20:34,1785090861028,2026-07-26 18:31:52.157437+00,true,1785193598752,mohamedeltayebreyad222,false,,
acea2f90-471e-4e80-ba48-bd3b81d0081e,2026-07-31,مصاريف,رواتب,ياسين,400,,zjRlLH5xqnM5cpimCUlhuOXDB6U2,helmgza,12785,01:02,1785538945866,2026-07-31 22:59:55.267615+00,true,1786711809624,mohamedeltayebreyad222,false,,
acffef4f-1a9f-43ef-a8e0-2d69184eeb75,2026-07-20,طلبيات,ميجا ستور,,650,,zjRlLH5xqnM5cpimCUlhuOXDB6U2,helmgza,11320,17:36,1784561792666,2026-07-20 15:34:06.338211+00,true,1785191786146,mohamedeltayebreyad222,false,,
ae161016-1641-438a-af1d-40d5190a5df7,2026-08-29,ذمم اونلاين,محفظة الصيدلية,,220,,3bVUQUWfroMh0Iu3FOqXgd3Rp9z2,habibaalsaid761,3375,18:29,1788020986251,2026-08-29 16:27:19.037223+00,true,1788110877166,mohamedeltayebreyad222,true,1788114076511,mohamedeltayebreyad222
aea2d32b-80ac-47bd-a173-ec8ef6e0e52d,2026-08-27,ذمم اونلاين,انستا باي,,345,,zjRlLH5xqnM5cpimCUlhuOXDB6U2,helmgza,8130,13:27,1787830066158,2026-08-27 11:25:19.412772+00,true,1788110532262,mohamedeltayebreyad222,true,1788110817702,mohamedeltayebreyad222
aee5503f-5d59-4061-bdb7-f478be5050e2,2026-07-09,مصاريف,مستلزمات نظافة,,10,,3bVUQUWfroMh0Iu3FOqXgd3Rp9z2,habibaalsaid761,7945,16:17,1783606664815,2026-07-09 14:15:22.657612+00,true,1784398335605,mohamedeltayebreyad222,false,,
aeff4bfd-4d6c-4df3-a14e-20cb31c9c826,2026-08-13,طلبيات,كير,,520,,YnGgwRjB33bhLbTtq5RSBQ8SYxG3,eltayebsayed07,14175,17:52,1786636365072,2026-08-13 15:50:14.106466+00,true,1786709331455,mohamedeltayebreyad222,false,,
af5259dd-8e17-42e4-8450-bb7c8318e0ea,2026-07-16,ايرادات,شيفت مسائي,,8270,زياده 45,zjRlLH5xqnM5cpimCUlhuOXDB6U2,helmgza,13770,01:50,1784245849356,2026-07-16 23:48:24.889566+00,false,,,false,,
afc8db35-d07c-4e02-aca4-e475e13a7a89,2026-08-17,طلبيات,نفرتيتي,,140,,YnyOSR0xMMRKYHqcWf9Byd0XQsG2,طارق التايب,9245,19:39,1786988368959,2026-08-17 17:36:58.94621+00,true,1787432889417,mohamedeltayebreyad222,false,,
b0b38d32-c7f7-4d6d-806b-0b3a3c0d7877,2026-08-29,طلبيات,ميراميديكال,,1145,ايزيس ينسون,3bVUQUWfroMh0Iu3FOqXgd3Rp9z2,habibaalsaid761,2230,19:32,1788024731198,2026-08-29 17:29:43.963672+00,false,,,false,,
b222d1d9-7e81-4603-a7e5-f43e875c1e77,2026-07-30,طلبيات,سبشيال فارما,30387,745,,YnGgwRjB33bhLbTtq5RSBQ8SYxG3,eltayebsayed07,7070,13:19,1785410355288,2026-07-30 11:16:44.744519+00,true,1785529202847,mohamedeltayebreyad222,false,,
b2ab2114-af16-403a-83df-76c5226efdfc,2026-07-31,طلبيات,نفرتيتي,,285,,YnGgwRjB33bhLbTtq5RSBQ8SYxG3,eltayebsayed07,11345,17:23,1785511386397,2026-07-31 15:20:35.456322+00,true,1785618775586,mohamedeltayebreyad222,false,,
b3bf2274-b327-49fd-a489-5b0dd491d014,2026-08-24,طلبيات,ميراميديكال,25432,475,,3bVUQUWfroMh0Iu3FOqXgd3Rp9z2,habibaalsaid761,9985,19:40,1787593229460,2026-08-24 17:38:01.580199+00,true,1787694212743,mohamedeltayebreyad222,false,,
b3db4db7-32e8-4053-831d-91e130674215,2026-08-04,طلبيات,ميراميديكال,,780,,YnGgwRjB33bhLbTtq5RSBQ8SYxG3,eltayebsayed07,8890,14:33,1785846829182,2026-08-04 12:31:17.325188+00,true,1786705832467,mohamedeltayebreyad222,false,,
b4286ff4-f84e-48ff-9c3c-4663ef0445fb,2026-07-09,طلبيات,شراء ادوية 50%,,85,,3bVUQUWfroMh0Iu3FOqXgd3Rp9z2,habibaalsaid761,11285,17:20,1783610420495,2026-07-09 15:17:58.266442+00,true,1784394700771,mohamedeltayebreyad222,false,,
b4309983-f1f8-45bc-9441-1da271e37c08,2026-08-22,ايرادات,شيفت صباحي,,5860,40 زياده,3bVUQUWfroMh0Iu3FOqXgd3Rp9z2,habibaalsaid761,14520,17:43,1787413393396,2026-08-22 15:40:45.339974+00,false,,,false,,
b477e618-abbc-4054-9f35-eda02280c62e,2026-08-22,طلبيات,اللوتس,,1180,,zjRlLH5xqnM5cpimCUlhuOXDB6U2,helmgza,13340,18:35,1787416526867,2026-08-22 16:32:58.731085+00,true,1787431097276,mohamedeltayebreyad222,false,,
b48cf590-0d2d-43a8-9842-3f114851d2f0,2026-08-23,طلبيات,تارجت,,2790,,YnGgwRjB33bhLbTtq5RSBQ8SYxG3,eltayebsayed07,4335,22:11,1787515900817,2026-08-23 20:09:12.531396+00,true,1787684415801,mohamedeltayebreyad222,false,,
b60e6084-c1e0-482e-92fc-df14e9535766,2026-08-09,مصاريف,رواتب,محمد,30,,zjRlLH5xqnM5cpimCUlhuOXDB6U2,helmgza,5720,23:45,1786311950597,2026-08-09 21:43:18.548672+00,false,1786711964273,mohamedeltayebreyad222,false,,
b695c534-8117-4b19-8538-30db08d74acd,2026-07-28,مصاريف,توصيلات (دليفري / مشاوير),,30,,zjRlLH5xqnM5cpimCUlhuOXDB6U2,helmgza,3570,19:34,1785260059908,2026-07-28 17:31:49.870266+00,true,1785618915472,mohamedeltayebreyad222,false,,
b6dbaced-11dc-4653-a115-e248263d88d2,2026-08-15,طلبيات,تارجت,,600,ب,3bVUQUWfroMh0Iu3FOqXgd3Rp9z2,habibaalsaid761,6090,23:39,1786829984403,2026-08-15 21:37:13.762848+00,true,1787431307511,mohamedeltayebreyad222,false,,
b7223bd1-0e30-4a18-bef0-769297a37336,2026-07-18,مصاريف,سباكة / كهرباء (أعطال),,250,لمبات,rDALGpUJulVTVGwLLgFcUL1Na6b2,mohamedeltayebreyad222,13230,21:27,1784399236523,2026-07-18 18:27:15.458992+00,true,1785193508460,mohamedeltayebreyad222,false,,
b72f215c-aaf8-4c66-ab6f-2edf955e978e,2026-08-06,طلبيات,تارجت,,525,,zjRlLH5xqnM5cpimCUlhuOXDB6U2,helmgza,485,17:25,1786029930740,2026-08-06 15:22:58.51513+00,true,1786706410362,mohamedeltayebreyad222,false,,
b736f2c7-6f6e-481e-a2af-5cf67c6c74d9,2026-07-30,ايرادات,شيفت صباحي,,2975,,YnGgwRjB33bhLbTtq5RSBQ8SYxG3,eltayebsayed07,9935,17:47,1785426421078,2026-07-30 15:44:30.464033+00,false,,,false,,
b770eb17-cfc9-4a45-8d1d-a16d1efcaf86,2026-08-18,طلبيات,شراء ادوية 50%,,85,,YnGgwRjB33bhLbTtq5RSBQ8SYxG3,eltayebsayed07,14635,17:26,1787066761164,2026-08-18 15:23:31.226472+00,true,1787433943602,mohamedeltayebreyad222,false,,
b7b5aac8-b353-490f-906c-1facd9bab33a,2026-07-08,مصاريف,دعاية,,1300,تجديد كلود ai,zjRlLH5xqnM5cpimCUlhuOXDB6U2,helmgza,3265,01:27,1783553279504,2026-07-08 23:25:37.419531+00,true,1784398484354,mohamedeltayebreyad222,false,,
b840f215-db4d-42d9-a079-a7e34e319602,2026-08-18,طلبيات,شراء ادوية 50%,,130,,zjRlLH5xqnM5cpimCUlhuOXDB6U2,helmgza,11930,20:59,1787079570145,2026-08-18 18:57:00.097567+00,true,1787433943602,mohamedeltayebreyad222,false,,
b898cc5b-2da8-4d39-bef9-d0f9658ac7a4,2026-08-29,ايرادات,شيفت صباحي,,1210,,3bVUQUWfroMh0Iu3FOqXgd3Rp9z2,habibaalsaid761,4580,17:18,1788016694056,2026-08-29 15:15:46.870913+00,false,,,false,,
b99c6c6b-f78b-4bd1-9f87-58ab7bb8a508,2026-08-23,ذمم اونلاين,انستا باي,,880,,rDALGpUJulVTVGwLLgFcUL1Na6b2,mohamedeltayebreyad222,3455,00:08,1787519319779,2026-08-23 21:08:39.011038+00,true,1787765635366,mohamedeltayebreyad222,true,1788110817702,mohamedeltayebreyad222
b9c255f1-6063-439c-a68c-c34da2f76e17,2026-08-20,طلبيات,ميديسين,,570,,3bVUQUWfroMh0Iu3FOqXgd3Rp9z2,habibaalsaid761,9875,20:15,1787249720803,2026-08-20 18:12:52.305094+00,true,1787433412724,mohamedeltayebreyad222,false,,
ba408875-b186-4c41-ac77-5eb57a1ced2d,2026-08-30,مصاريف,تليفون أرضي / موبايل,,80,,zjRlLH5xqnM5cpimCUlhuOXDB6U2,helmgza,17540,21:40,1788118832568,2026-08-30 19:38:05.819445+00,false,,,false,,
ba4524da-e56f-459f-8391-cc6959822258,2026-07-13,ايرادات,شيفت صباحي,,2830,,YnGgwRjB33bhLbTtq5RSBQ8SYxG3,eltayebsayed07,11420,17:34,1783956861708,2026-07-13 15:31:57.81965+00,false,,,false,,
bb02820e-d34e-4d4d-b883-7bc53d33acca,2026-08-06,ذمم اونلاين,محفظة الصيدلية,,400,,rDALGpUJulVTVGwLLgFcUL1Na6b2,mohamedeltayebreyad222,6075,01:16,1786227387624,2026-08-08 22:16:27.787981+00,false,,,true,1786714726846,mohamedeltayebreyad222
bb89027b-6646-40af-b0b0-bf2ed8fdad9e,2026-07-13,طلبيات,ميجا ستور,,940,,YnGgwRjB33bhLbTtq5RSBQ8SYxG3,eltayebsayed07,10480,17:50,1783957829081,2026-07-13 15:48:05.241719+00,true,1784397729481,mohamedeltayebreyad222,false,,
bcadaaa2-5711-4950-9a3c-97cc66f54309,2026-08-30,طلبيات,فارما جروب,,5340,,3bVUQUWfroMh0Iu3FOqXgd3Rp9z2,habibaalsaid761,8960,12:59,1788087594123,2026-08-30 10:57:27.537247+00,false,,,false,,
bd11e5de-fed0-4860-b376-2d6aacbbe0cf,2026-08-08,طلبيات,تارجت,49690,1525,بعد مرتجع جانوميت 44732,YnGgwRjB33bhLbTtq5RSBQ8SYxG3,eltayebsayed07,14680,18:32,1786206736276,2026-08-08 16:29:44.743862+00,true,1786706448164,mohamedeltayebreyad222,false,,
bd316bfb-9928-4549-8609-5b26f102f8c9,2026-08-19,مصاريف,سكر,,35,,3bVUQUWfroMh0Iu3FOqXgd3Rp9z2,habibaalsaid761,6955,15:37,1787146678934,2026-08-19 13:35:29.57542+00,false,,,false,,
bd88b93f-4f34-447f-9a48-c66ae8e89e96,2026-08-11,مصاريف,رواتب,السيد,50,,zjRlLH5xqnM5cpimCUlhuOXDB6U2,helmgza,5955,14:28,1786451304976,2026-08-11 12:25:53.92677+00,false,1786711972613,mohamedeltayebreyad222,false,,
bdb49fbe-2f8f-4354-81c0-1ae19c7597cb,2026-07-10,مصاريف,ايجار الصيدلية,,6500,,rDALGpUJulVTVGwLLgFcUL1Na6b2,mohamedeltayebreyad222,10740,01:55,1783724133968,2026-07-10 22:55:34.624328+00,true,1784398396735,mohamedeltayebreyad222,false,,
be43cc51-f74a-4142-8ba6-b126ac4a9699,2026-08-22,ذمم اونلاين,محفظة الصيدلية,,175,,zjRlLH5xqnM5cpimCUlhuOXDB6U2,helmgza,7965,00:09,1787436588122,2026-08-22 22:07:19.852874+00,true,1787593114414,mohamedeltayebreyad222,true,1787593229928,mohamedeltayebreyad222
be77981d-d3ce-407f-9a9d-2e3ceb2dbb8c,2026-07-29,طلبيات,نفرتيتي,,340,,zjRlLH5xqnM5cpimCUlhuOXDB6U2,helmgza,4675,20:08,1785348500743,2026-07-29 18:05:50.867465+00,true,1785526666358,mohamedeltayebreyad222,false,,
be954243-094f-4ea7-81b5-2ad5dc17e210,2026-08-14,مصاريف,رواتب,محمد,50,,YnGgwRjB33bhLbTtq5RSBQ8SYxG3,eltayebsayed07,5765,18:06,1786723576480,2026-08-14 16:03:45.799822+00,false,,,false,,
beb7d50e-d923-40fc-b374-5ed84caf3a19,2026-07-29,مصاريف,رواتب,محمد,50,,zjRlLH5xqnM5cpimCUlhuOXDB6U2,helmgza,9485,13:11,1785323481307,2026-07-29 11:08:51.588135+00,true,1786711809624,mohamedeltayebreyad222,false,,
bf72e5f0-d65c-4a2c-9167-a09ea6c7b99a,2026-08-16,طلبيات,عابدين,143854,865,,3bVUQUWfroMh0Iu3FOqXgd3Rp9z2,habibaalsaid761,11985,19:32,1786901524250,2026-08-16 17:29:33.430123+00,true,1787431413452,mohamedeltayebreyad222,false,,
bfe304bd-e005-4f85-bc38-54f4b4af16f6,2026-07-14,مصاريف,مواصلات,,20,,zjRlLH5xqnM5cpimCUlhuOXDB6U2,helmgza,8075,19:12,1784049125914,2026-07-14 17:09:41.482837+00,true,1784398369257,mohamedeltayebreyad222,false,,
bfedb457-367f-42ab-bbcb-fc781caea065,2026-08-02,ايرادات,شيفت صباحي,,4000,زياده 25,zjRlLH5xqnM5cpimCUlhuOXDB6U2,helmgza,4170,18:12,1785687144285,2026-08-02 16:09:52.918022+00,false,,,false,,
bQvWKvVx4Hp2kvRuN9Zw,2026-07-06,طلبيات,ميراميديكال,,505,,zjRlLH5xqnM5cpimCUlhuOXDB6U2,حسين احمد,540,,1783359904466,2026-07-08 22:09:58.316966+00,true,1783462066722,محمد التايب,false,,
c010c197-c553-4b52-b233-7c546bc1a961,2026-08-19,طلبيات,نفرتيتي,,1600,,3bVUQUWfroMh0Iu3FOqXgd3Rp9z2,habibaalsaid761,5560,23:24,1787174675166,2026-08-19 21:22:05.652034+00,true,1787432889417,mohamedeltayebreyad222,false,,
c056aa40-fd1d-4cc1-95ef-24ea5c171b26,2026-08-22,ذمم اونلاين,محفظة الصيدلية,,280,,zjRlLH5xqnM5cpimCUlhuOXDB6U2,helmgza,14270,22:39,1787431153394,2026-08-22 20:36:45.158802+00,false,,,true,1787593190503,mohamedeltayebreyad222
c1a225c5-1bdc-47f3-91cd-b318ae909dcb,2026-07-15,مصاريف,صيانة عجلة,,50,,zjRlLH5xqnM5cpimCUlhuOXDB6U2,helmgza,8340,14:05,1784117136406,2026-07-15 12:03:11.614862+00,true,1784398544005,mohamedeltayebreyad222,false,,
c1a3035e-b80d-4c2c-984a-7203ea279176,2026-08-19,طلبيات,تارجت,,720,بعد المرتجعات مينوكسديل ايكوزاليب,3bVUQUWfroMh0Iu3FOqXgd3Rp9z2,habibaalsaid761,5755,17:24,1787153065063,2026-08-19 15:21:55.67068+00,true,1787431306023,mohamedeltayebreyad222,false,,
c22e6a62-c21d-40b6-8bdf-6f9676c8f28c,2026-07-11,طلبيات,سبشيال فارما,26767,20,,YnGgwRjB33bhLbTtq5RSBQ8SYxG3,eltayebsayed07,7395,13:03,1783767834230,2026-07-11 11:01:31.55873+00,true,1784394102135,mohamedeltayebreyad222,false,,
c3227479-e06b-45e7-bb5d-31edd37b3776,2026-08-22,ايرادات,تسوية ذمم أونلاين,,55,تسوية: انستا باي — 2026-08-19,rDALGpUJulVTVGwLLgFcUL1Na6b2,mohamedeltayebreyad222,13520,22:25,1787426701658,2026-08-22 19:25:01.840918+00,false,,,true,1787502643613,mohamedeltayebreyad222
c3cdff7c-da7f-4bdd-bb9d-3f4bf251304d,2026-08-18,مصاريف,رواتب,طارق,1830,طارق,zjRlLH5xqnM5cpimCUlhuOXDB6U2,helmgza,12660,18:26,1787070416122,2026-08-18 16:24:26.035046+00,false,,,false,,
c415747d-a781-481a-bf0a-516422b4b81b,2026-07-10,مصاريف,رواتب,حسين,600,,zjRlLH5xqnM5cpimCUlhuOXDB6U2,helmgza,14080,22:57,1783717038581,2026-07-10 20:54:55.983992+00,true,1786711809624,mohamedeltayebreyad222,false,,
c44d5b58-aa0e-4e3a-bb15-d5bfa6a1718d,2026-07-24,ايرادات,شيفت صباحي,,4810,,zjRlLH5xqnM5cpimCUlhuOXDB6U2,helmgza,15950,19:46,1784915161900,2026-07-24 17:43:33.545274+00,false,,,false,,
c66a45b9-b2ce-4efc-8786-ac872ace2e06,2026-08-10,طلبيات,ميراميديكال,,550,,zjRlLH5xqnM5cpimCUlhuOXDB6U2,helmgza,14090,17:37,1786376226848,2026-08-10 15:34:35.009673+00,true,1786705832467,mohamedeltayebreyad222,false,,
c67283e1-b5da-4059-8a55-48d3d2ff035f,2026-07-19,ايرادات,شيفت صباحي,,4990,,zjRlLH5xqnM5cpimCUlhuOXDB6U2,helmgza,8855,19:27,1784482043747,2026-07-19 17:24:57.625745+00,false,,,false,,
c67tllAv6sVsHMpxWq2Q,2026-07-06,طلبيات,3N,,1840,,zjRlLH5xqnM5cpimCUlhuOXDB6U2,حسين احمد,11850,,1783330168959,2026-07-08 22:09:58.316966+00,true,1783460517370,محمد التايب,false,,
c6953f63-b390-4713-97d5-ac7cd5632643,2026-07-29,طلبيات,نيو طيبة,,1060,,zjRlLH5xqnM5cpimCUlhuOXDB6U2,helmgza,3615,20:08,1785348528650,2026-07-29 18:06:18.730901+00,true,1785526594909,mohamedeltayebreyad222,false,,
c71dec3d-1eb2-45ee-a449-089f56e5d2d0,2026-07-18,طلبيات,نيو طيبة,44555,920,,YnGgwRjB33bhLbTtq5RSBQ8SYxG3,eltayebsayed07,13580,20:05,1784397904548,2026-07-18 18:02:38.700438+00,true,1784398236136,mohamedeltayebreyad222,false,,
c73de2f5-91da-4420-aa76-40536b43ff3f,2026-07-21,طلبيات,نيو طيبة,45505,1145,,zjRlLH5xqnM5cpimCUlhuOXDB6U2,helmgza,6435,14:17,1784636258099,2026-07-21 12:15:11.51313+00,true,1785192877568,mohamedeltayebreyad222,false,,
c74e69df-dc98-40ba-aaf5-3ef20869d762,2026-08-26,مصاريف,رواتب,,250,,zjRlLH5xqnM5cpimCUlhuOXDB6U2,helmgza,10475,23:11,1787778688982,2026-08-26 21:09:01.620226+00,false,,,true,1787783849091,mohamedeltayebreyad222
c7b14a79-3023-4f6e-824f-142a9a00fdd6,2026-08-04,مصاريف,تليفون أرضي / موبايل,,80,,YnGgwRjB33bhLbTtq5RSBQ8SYxG3,eltayebsayed07,4405,19:06,1785863171837,2026-08-04 17:03:39.83408+00,true,1786711719139,mohamedeltayebreyad222,false,,
c842ff23-8c98-4dbc-b19c-b7f68bd51d71,2026-07-17,طلبيات,شراء ادوية 50%,,275,الشيخ محمود,zjRlLH5xqnM5cpimCUlhuOXDB6U2,helmgza,13405,14:44,1784292265099,2026-07-17 12:42:00.115572+00,true,1784394887105,mohamedeltayebreyad222,false,,
c8bc753a-1366-4e9b-b35f-a3d23adfec12,2026-08-10,طلبيات,فارما جروب,,3915,بعد المرتجعات,3bVUQUWfroMh0Iu3FOqXgd3Rp9z2,habibaalsaid761,9935,12:15,1786356954460,2026-08-10 10:13:22.691741+00,true,1786710087753,mohamedeltayebreyad222,false,,
c9448626-d555-43b7-b38b-ed58bc499421,2026-07-31,طلبيات,ميديسين,,625,,zjRlLH5xqnM5cpimCUlhuOXDB6U2,helmgza,14075,18:36,1785515806847,2026-07-31 16:34:16.294191+00,true,1785530101825,mohamedeltayebreyad222,false,,
ca806756-9f1c-4752-a93e-7235dba5ef0e,2026-08-02,طلبيات,ميراميديكال,2495,545,بعد المرتجع top ging,YnyOSR0xMMRKYHqcWf9Byd0XQsG2,طارق التايب,1960,20:12,1785694321918,2026-08-02 18:09:30.6676+00,true,1786705832467,mohamedeltayebreyad222,false,,
ca90814c-4ef2-4ce0-a2e6-e8eacb655649,2026-07-31,ايرادات,شيفت مسائي,,7070,425,YnGgwRjB33bhLbTtq5RSBQ8SYxG3,eltayebsayed07,14744,02:38,1785458333372,2026-07-31 00:36:22.5943+00,false,,,false,,
cb215d5e-0b2a-4f3a-b597-ee4a0727a8af,2026-07-12,طلبيات,ميراميديكال,69550,430,,zjRlLH5xqnM5cpimCUlhuOXDB6U2,helmgza,4650,13:46,1783856775636,2026-07-12 11:43:52.282553+00,true,1784397865790,mohamedeltayebreyad222,false,,
cb6dd33a-c6ec-4d77-b6bf-cada41ba874f,2026-08-21,مصاريف,رواتب,,400,محمود,3bVUQUWfroMh0Iu3FOqXgd3Rp9z2,habibaalsaid761,12385,22:26,1787344015879,2026-08-21 20:24:27.495038+00,false,,,true,1787434216783,mohamedeltayebreyad222
cba06d0d-6684-4de7-aa87-809f350a5a83,2026-07-12,ايرادات,شيفت مسائي,,12735,,zjRlLH5xqnM5cpimCUlhuOXDB6U2,helmgza,17890,02:08,1783901310040,2026-07-13 00:06:07.066309+00,false,,,false,,
ccab9eb1-0c52-406d-a409-b6d1cb02d1e4,2026-07-20,طلبيات,ميديسين,24518,785,,3bVUQUWfroMh0Iu3FOqXgd3Rp9z2,habibaalsaid761,8240,16:47,1784558857749,2026-07-20 14:45:11.372601+00,true,1785191639147,mohamedeltayebreyad222,false,,
cd13f355-da9f-4b56-9b0f-e6bb064a9cd5,2026-08-03,طلبيات,نبض,,1110,,3bVUQUWfroMh0Iu3FOqXgd3Rp9z2,habibaalsaid761,12555,13:06,1785755164907,2026-08-03 11:03:33.236254+00,true,1786707872879,mohamedeltayebreyad222,false,,
ce56f849-ae71-406b-bb30-cc6cc764591e,2026-08-13,طلبيات,ميجا ستور,,410,,3bVUQUWfroMh0Iu3FOqXgd3Rp9z2,habibaalsaid761,12555,17:17,1786634261784,2026-08-13 15:15:10.867145+00,true,1786705893970,mohamedeltayebreyad222,false,,
ce8d3f47-8710-42cf-a17d-6718d11e4345,2026-08-03,طلبيات,ميديسين,,1040,,3bVUQUWfroMh0Iu3FOqXgd3Rp9z2,habibaalsaid761,10645,13:39,1785757192276,2026-08-03 11:37:20.567222+00,true,1786707904639,mohamedeltayebreyad222,false,,
cf29f8ad-6670-4ba7-8567-b8214af65c1a,2026-07-27,طلبيات,ميجا,9336,945,,YnGgwRjB33bhLbTtq5RSBQ8SYxG3,eltayebsayed07,1350,18:15,1785168928436,2026-07-27 16:12:59.270542+00,true,1785191498795,mohamedeltayebreyad222,false,,
cff8edb9-d022-437f-8eec-e8ca1b13255f,2026-08-13,طلبيات,اليكس واي,,535,,3bVUQUWfroMh0Iu3FOqXgd3Rp9z2,habibaalsaid761,12445,12:56,1786618585040,2026-08-13 10:53:54.107384+00,true,1786705949062,mohamedeltayebreyad222,false,,
d1104748-bbce-43ff-8535-8b3a52c1213d,2026-08-15,طلبيات,ميراميديكال,,470,,3bVUQUWfroMh0Iu3FOqXgd3Rp9z2,habibaalsaid761,6500,13:44,1786794242650,2026-08-15 11:41:32.180204+00,true,1786817715874,mohamedeltayebreyad222,false,,
d1313a1e-7777-4e46-a8ef-2f8c1ee28d01,2026-08-18,ارباح,أرباح الشهر,,5000,,zjRlLH5xqnM5cpimCUlhuOXDB6U2,helmgza,5835,00:17,1787091479611,2026-08-18 22:15:29.499231+00,false,,,true,1788110121219,mohamedeltayebreyad222
d1aaec91-af30-43ba-b95e-4630408f0891,2026-08-20,طلبيات,فارما جروب,,5760,,3bVUQUWfroMh0Iu3FOqXgd3Rp9z2,habibaalsaid761,7785,16:44,1787237069571,2026-08-20 14:42:01.072905+00,true,1787432029009,mohamedeltayebreyad222,false,,
d2145022-516c-4f9a-9384-cad2a76aa271,2026-07-17,طلبيات,الابرار,,4295,,zjRlLH5xqnM5cpimCUlhuOXDB6U2,helmgza,11970,20:37,1784313429094,2026-07-17 18:34:44.042858+00,true,1784393016995,mohamedeltayebreyad222,false,,
d2c1d421-0cc9-4738-80d0-eb2c33c9717b,2026-08-10,طلبيات,تارجت,,780,بعد المرتجعات,3bVUQUWfroMh0Iu3FOqXgd3Rp9z2,habibaalsaid761,8805,17:07,1786374464649,2026-08-10 15:05:12.824236+00,true,1786706510948,mohamedeltayebreyad222,false,,
d30aa354-acbb-4cd8-9a36-ca9b30fff645,2026-08-07,ذمم اونلاين,محفظة الصيدلية,,220,,zjRlLH5xqnM5cpimCUlhuOXDB6U2,helmgza,5270,15:26,1786109192584,2026-08-07 13:24:01.157177+00,true,1786226974111,mohamedeltayebreyad222,true,1786714726846,mohamedeltayebreyad222
d3b2b27d-1947-4637-a252-21e25e94556b,2026-08-22,ذمم اونلاين,محفظة الصيدلية,,235,,3bVUQUWfroMh0Iu3FOqXgd3Rp9z2,habibaalsaid761,8765,13:56,1787399819079,2026-08-22 11:54:30.948035+00,true,1787427122147,mohamedeltayebreyad222,true,1787593229928,mohamedeltayebreyad222
d3d3a13a-ec7a-4b2c-be53-b0e657b97cf6,2026-08-09,طلبيات,ميجا ستور,,920,,3bVUQUWfroMh0Iu3FOqXgd3Rp9z2,habibaalsaid761,9170,18:35,1786293310248,2026-08-09 16:32:38.210216+00,true,1786705893970,mohamedeltayebreyad222,false,,
d42ce5cc-c964-48c7-8420-493a9d223d6e,2026-07-26,طلبيات,كير,460780,300,,YnGgwRjB33bhLbTtq5RSBQ8SYxG3,eltayebsayed07,9580,21:19,1785093582632,2026-07-26 19:17:13.654843+00,true,1785192953983,mohamedeltayebreyad222,false,,
d43b251e-1ffe-43d1-8e52-668b85efc4fa,2026-08-02,طلبيات,شراء ادوية 50%,,175,,YnyOSR0xMMRKYHqcWf9Byd0XQsG2,طارق التايب,1610,21:14,1785698043010,2026-08-02 19:11:31.612858+00,true,1786707710215,mohamedeltayebreyad222,false,,
d463fc89-2a17-4388-a469-3744eab63073,2026-08-04,طلبيات,ميجا ستور,,655,,YnGgwRjB33bhLbTtq5RSBQ8SYxG3,eltayebsayed07,8350,17:39,1785857954497,2026-08-04 15:36:42.581613+00,true,1786705893970,mohamedeltayebreyad222,false,,
d4dfc9c0-7135-4fb0-85c5-bdc4ee907460,2026-07-25,ايرادات,شيفت صباحي,,3245,زياده 30 جنيه,YnGgwRjB33bhLbTtq5RSBQ8SYxG3,eltayebsayed07,10650,18:25,1784996704014,2026-07-25 16:22:35.679641+00,false,,,false,,
d6371bba-2233-4773-98b4-73f9f33e7187,2026-08-20,ايرادات,شيفت صباحي,,3910,,3bVUQUWfroMh0Iu3FOqXgd3Rp9z2,habibaalsaid761,10675,17:00,1787238022802,2026-08-20 14:57:54.310599+00,false,,,false,,
d7773766-187a-4ecd-a20b-eeb20d552fe8,2026-07-26,ايرادات,شيفت صباحي,,4050,,YnGgwRjB33bhLbTtq5RSBQ8SYxG3,eltayebsayed07,10650,17:33,1785080035415,2026-07-26 15:31:26.58225+00,false,,,false,,
d85a2142-f0bb-4d5f-a27e-c502c4ac54ab,2026-08-30,ايرادات,شيفت صباحي,,5005,,3bVUQUWfroMh0Iu3FOqXgd3Rp9z2,habibaalsaid761,13965,17:48,1788104896554,2026-08-30 15:45:49.85714+00,false,,,false,,
d91f6795-a167-4b1b-bc34-ee9b1818880f,2026-07-20,مصاريف,رواتب,ياسين,50,,zjRlLH5xqnM5cpimCUlhuOXDB6U2,helmgza,10535,01:43,1784504626494,2026-07-19 23:41:20.216351+00,true,1786711809624,mohamedeltayebreyad222,false,,
d9e34ca2-4496-4909-a484-af1a7198b496,2026-08-20,ذمم اونلاين,محفظة الصيدلية,,50,,3bVUQUWfroMh0Iu3FOqXgd3Rp9z2,habibaalsaid761,14460,16:11,1787235109610,2026-08-20 14:09:21.108073+00,false,,,true,1787593229928,mohamedeltayebreyad222
da03b22e-0cac-4e73-b56d-4bee449aacfd,2026-07-12,ايرادات,شيفت صباحي,,4020,,3bVUQUWfroMh0Iu3FOqXgd3Rp9z2,habibaalsaid761,6210,17:32,1783870351499,2026-07-12 15:30:08.118446+00,false,,,false,,
da1cd7e2-6d57-4a4a-a167-5b358fc90290,2026-07-22,طلبيات,شراء ادوية 50%,,95,,zjRlLH5xqnM5cpimCUlhuOXDB6U2,helmgza,7190,23:31,1784755883286,2026-07-22 21:28:55.621851+00,true,1785192363720,mohamedeltayebreyad222,false,,
da8d127a-944d-484c-8162-7fdd95f56c82,2026-07-18,مصاريف,رواتب,حسين,80,العجز في العهدة تتحملها الصيدلية,rDALGpUJulVTVGwLLgFcUL1Na6b2,mohamedeltayebreyad222,13150,21:27,1784399278437,2026-07-18 18:27:57.334107+00,true,1786711809624,mohamedeltayebreyad222,false,,
da93eef8-7fb1-4425-ab20-ce1759f64d07,2026-08-22,ذمم اونلاين,انستا باي,,280,,rDALGpUJulVTVGwLLgFcUL1Na6b2,mohamedeltayebreyad222,3585,19:40,1787593201318,2026-08-24 16:40:04.499295+00,true,1787765661152,mohamedeltayebreyad222,true,1788110817702,mohamedeltayebreyad222
daeb0ba3-65fe-40c3-89ec-2675fcb07b84,2026-08-02,طلبيات,فارما جروب,2386,1835,بعد مرتجع جليبتس 50/1000,zjRlLH5xqnM5cpimCUlhuOXDB6U2,helmgza,2190,15:21,1785676897255,2026-08-02 13:19:05.939821+00,true,1786710297078,mohamedeltayebreyad222,false,,
db5c9a00-c81e-4466-8680-ff5ce77ae22d,2026-07-13,مصاريف,صيانة عجلة,,50,,3bVUQUWfroMh0Iu3FOqXgd3Rp9z2,habibaalsaid761,9750,12:49,1783939740717,2026-07-13 10:46:36.888947+00,true,1784398544005,mohamedeltayebreyad222,false,,
db97e606-66f4-4650-b330-08aa30d92bde,2026-08-18,ذمم اونلاين,محفظة الصيدلية,,195,,zjRlLH5xqnM5cpimCUlhuOXDB6U2,helmgza,10835,23:23,1787088195036,2026-08-18 21:20:44.974876+00,true,1787427152880,mohamedeltayebreyad222,true,1787593229928,mohamedeltayebreyad222
dbbcec44-de75-4d4a-9472-c163aaf159ad,2026-08-27,طلبيات,ميجا ستور,10657,435,,zjRlLH5xqnM5cpimCUlhuOXDB6U2,helmgza,7125,18:17,1787847479504,2026-08-27 16:15:32.557863+00,false,,,false,,
dbca4ada-73d7-42a7-902b-ec5bd4342f96,2026-08-25,طلبيات,تارجت,,570,,3bVUQUWfroMh0Iu3FOqXgd3Rp9z2,habibaalsaid761,10880,17:39,1787672349168,2026-08-25 15:36:41.87273+00,true,1787684415801,mohamedeltayebreyad222,false,,
dbeee3da-fef2-4917-9f95-ef1968896b5a,2026-08-22,ايرادات,تسوية ذمم أونلاين,,200,تسوية: انستا باي — 2026-08-20,rDALGpUJulVTVGwLLgFcUL1Na6b2,mohamedeltayebreyad222,12095,22:24,1787426681218,2026-08-22 19:24:41.398511+00,false,,,true,1787502643613,mohamedeltayebreyad222
dbf3d8a6-3b15-4663-86e1-4dc54a084ac7,2026-08-05,طلبيات,الابرار,,565,,rDALGpUJulVTVGwLLgFcUL1Na6b2,mohamedeltayebreyad222,400,18:38,1785944311280,2026-08-05 15:38:31.199074+00,true,1786705520810,mohamedeltayebreyad222,false,,
dbOINN8eabcEM0PapfY1,2026-07-06,طلبيات,الابرار,71940,1460,,zjRlLH5xqnM5cpimCUlhuOXDB6U2,حسين احمد,7590,,1783341713480,2026-07-08 22:09:58.316966+00,true,1783460557102,محمد التايب,false,,
dc95a7c7-7ed2-4138-ba61-b2f27758abbd,2026-07-31,مصاريف,رواتب,الادارة,4000,,rDALGpUJulVTVGwLLgFcUL1Na6b2,mohamedeltayebreyad222,-9385,01:14,1785622461537,2026-08-01 22:14:20.691721+00,true,1786711809624,mohamedeltayebreyad222,false,,
ddd8e90a-657c-4158-9616-d20a74e46633,2026-08-02,ايرادات,شيفت مسائي,,15290,,YnyOSR0xMMRKYHqcWf9Byd0XQsG2,طارق التايب,16955,01:43,1785714205023,2026-08-02 23:40:53.587786+00,false,,,false,,
de0c4486-7012-40f8-8642-9e879131ea8e,2026-08-20,مصاريف,رواتب,طارق,350,,3bVUQUWfroMh0Iu3FOqXgd3Rp9z2,habibaalsaid761,9325,23:17,1787260635482,2026-08-20 21:14:46.927215+00,false,,,false,,
de82d371-8f1e-4a0f-8a17-b8c3102730ef,2026-08-16,طلبيات,نفرتيتي,,1000,,3bVUQUWfroMh0Iu3FOqXgd3Rp9z2,habibaalsaid761,11270,14:05,1786881939496,2026-08-16 12:03:08.815758+00,true,1787432889417,mohamedeltayebreyad222,false,,
de8f4865-262e-499e-81b6-922eb0512da2,2026-08-22,ذمم اونلاين,انستا باي,,45,,rDALGpUJulVTVGwLLgFcUL1Na6b2,mohamedeltayebreyad222,3585,19:39,1787593169814,2026-08-24 16:39:32.992817+00,false,,,true,1787593277628,mohamedeltayebreyad222
df22a9ac-ff1a-4c7a-98b6-45975f0f9386,2026-07-13,طلبيات,ميراميديكال,,375,بعد المرتجعات,YnGgwRjB33bhLbTtq5RSBQ8SYxG3,eltayebsayed07,8585,20:11,1783966308701,2026-07-13 18:09:24.762398+00,true,1784397865790,mohamedeltayebreyad222,false,,
dff9560b-c615-44fb-9e23-faafa134904a,2026-07-21,طلبيات,سبشيال فارما,28847,725,,zjRlLH5xqnM5cpimCUlhuOXDB6U2,helmgza,8155,13:08,1784632101479,2026-07-21 11:05:54.972178+00,true,1785192097278,mohamedeltayebreyad222,false,,
Dnqmb5nfOkKJw27b3pHy,2026-07-07,مصاريف,رواتب,محمد,650,باقي عليه 350 من حساب العجلة,rDALGpUJulVTVGwLLgFcUL1Na6b2,محمد التايب,7980,00:25,1783373132481,2026-07-08 22:09:58.316966+00,true,1786711809624,mohamedeltayebreyad222,false,,
drR7ffyGnu7IIQI8kYpP,2026-07-05,طلبيات,ميراميديكال,61984/61824,1395,,YnGgwRjB33bhLbTtq5RSBQ8SYxG3,السيد التايب,605,,1783253070323,2026-07-08 22:09:58.316966+00,true,1783462069347,محمد التايب,false,,
e0658b8a-51d7-4b9a-9edc-8cd5096cf8c5,2026-08-05,مصاريف,رواتب,حسين,500,,zjRlLH5xqnM5cpimCUlhuOXDB6U2,helmgza,7865,02:57,1785891464931,2026-08-05 00:55:13.775904+00,false,1786711959003,mohamedeltayebreyad222,false,,
e0887202-740c-4fb2-bec7-420b852fe82a,2026-08-26,طلبيات,نفرتيتي,,170,وايبس سوبر كيدز,3bVUQUWfroMh0Iu3FOqXgd3Rp9z2,habibaalsaid761,9540,15:45,1787751949588,2026-08-26 13:43:23.128242+00,false,,,false,,
e0ced3b1-9f85-4136-8504-8abcb1f6d587,2026-07-15,ايرادات,شيفت صباحي,,2870,زياده 40 جنيه,zjRlLH5xqnM5cpimCUlhuOXDB6U2,helmgza,9335,17:40,1784130050089,2026-07-15 15:38:25.248124+00,false,,,false,,
e1806afb-a9a9-4a98-a296-e43d84139da6,2026-08-11,مصاريف,رواتب,محمد,400,,zjRlLH5xqnM5cpimCUlhuOXDB6U2,helmgza,11735,01:26,1786404366974,2026-08-10 23:23:35.002281+00,false,1786711965205,mohamedeltayebreyad222,false,,
e2237493-47b5-44b0-babb-7c0e115c992e,2026-08-13,طلبيات,شراء ادوية 50%,,2380,,3bVUQUWfroMh0Iu3FOqXgd3Rp9z2,habibaalsaid761,12980,11:33,1786613616389,2026-08-13 09:31:05.477406+00,false,,,true,1786639703540,mohamedeltayebreyad222
e2420838-3d38-40c8-901f-54e07e05a69b,2026-08-09,مصاريف,رواتب,حسين,700,,3bVUQUWfroMh0Iu3FOqXgd3Rp9z2,habibaalsaid761,8470,21:42,1786304562550,2026-08-09 19:40:10.590252+00,false,1786711962347,mohamedeltayebreyad222,false,,
e2a753b6-24f6-4df5-b195-d219b48e3fa9,2026-08-06,ذمم اونلاين,انستا باي,,400,,zjRlLH5xqnM5cpimCUlhuOXDB6U2,helmgza,1135,22:18,1786047522749,2026-08-06 20:16:10.445158+00,true,1786226948878,mohamedeltayebreyad222,true,1786227368722,mohamedeltayebreyad222
e39188bb-5f99-4e16-b376-e732916d2a45,2026-08-24,طلبيات,ميجا ستور,,495,,3bVUQUWfroMh0Iu3FOqXgd3Rp9z2,habibaalsaid761,3950,16:33,1787582017137,2026-08-24 14:31:08.724644+00,true,1787684860783,mohamedeltayebreyad222,false,,
e3b0c478-060a-4f14-ad03-31cc2f0d42f7,2026-07-14,ايرادات,شيفت مسائي,,13180,,zjRlLH5xqnM5cpimCUlhuOXDB6U2,helmgza,20560,02:26,1784075176613,2026-07-15 00:23:52.003947+00,false,,,false,,
e4de883b-ec0c-444d-a95d-28715f591be5,2026-08-07,ذمم اونلاين,محفظة الصيدلية,,140,,zjRlLH5xqnM5cpimCUlhuOXDB6U2,helmgza,4555,16:19,1786112398377,2026-08-07 14:17:26.916182+00,true,1786226993830,mohamedeltayebreyad222,true,1786714726846,mohamedeltayebreyad222
e4ed7a71-d527-497c-a0d2-3c67be156a7f,2026-07-29,طلبيات,نفرتيتي,,260,,zjRlLH5xqnM5cpimCUlhuOXDB6U2,helmgza,5015,20:00,1785348056248,2026-07-29 17:58:26.362269+00,true,1785526667614,mohamedeltayebreyad222,false,,
e51b201f-f040-4002-9ed6-b725ee3c015d,2026-08-02,طلبيات,فارما جروب,,8440,بعد مرتجع الاتور,zjRlLH5xqnM5cpimCUlhuOXDB6U2,helmgza,4025,12:18,1785665900130,2026-08-02 10:15:48.930077+00,true,1786710342519,mohamedeltayebreyad222,false,,
e5b2e598-38aa-4fcd-8c9c-2007af18cea2,2026-07-12,ايرادات,شيفت مسائي,,1275,,zjRlLH5xqnM5cpimCUlhuOXDB6U2,helmgza,10905,01:53,1783813981188,2026-07-11 23:50:38.361987+00,false,,,false,,
e5b66ab1-8b55-48a5-97c1-373d6b97e336,2026-07-27,طلبيات,شراء ادوية 50%,,870,,YnGgwRjB33bhLbTtq5RSBQ8SYxG3,eltayebsayed07,4480,21:04,1785179065131,2026-07-27 19:01:55.935934+00,true,1785192363720,mohamedeltayebreyad222,false,,
e5d8307a-f69a-457b-8098-01dbcaadd4e3,2026-08-06,ايرادات,شيفت مسائي,,10490,,zjRlLH5xqnM5cpimCUlhuOXDB6U2,helmgza,11290,02:19,1786061969576,2026-08-07 00:16:57.222614+00,false,,,false,,
e613c73d-46e7-4426-947f-f782164b84b9,2026-08-14,طلبيات,ص. الطيبي,,550,,YnGgwRjB33bhLbTtq5RSBQ8SYxG3,eltayebsayed07,5215,22:20,1786738848555,2026-08-14 20:18:17.804994+00,true,1786817688016,mohamedeltayebreyad222,false,,
e620f63e-c31b-4d3a-acff-3d5051b11bd6,2026-08-10,طلبيات,شراء ادوية 50%,,250,,zjRlLH5xqnM5cpimCUlhuOXDB6U2,helmgza,13290,20:42,1786387375641,2026-08-10 18:40:23.836991+00,true,1786707710215,mohamedeltayebreyad222,false,,
e65aef4b-0b9e-45e9-ad61-c49f6bdbfcae,2026-07-21,ايرادات,شيفت مسائي,,3905,,zjRlLH5xqnM5cpimCUlhuOXDB6U2,helmgza,8215,02:20,1784679608208,2026-07-22 00:17:41.455266+00,false,,,false,,
e6f2be81-87f4-40a1-8c0f-3f9f45f55e71,2026-08-26,ايرادات,شيفت مسائي,,6900,,zjRlLH5xqnM5cpimCUlhuOXDB6U2,helmgza,12110,02:21,1787790060135,2026-08-27 00:18:32.694062+00,false,,,false,,
e6f7bfc8-44a0-437e-bce3-20c781a4b732,2026-08-17,مصاريف,اشتراكات اونلاين,,1000,,rDALGpUJulVTVGwLLgFcUL1Na6b2,mohamedeltayebreyad222,10125,18:27,1786984020951,2026-08-17 15:27:05.747448+00,false,,,false,,
e80de78c-04b7-4ebf-8505-79f8e6865782,2026-08-19,ذمم اونلاين,انستا باي,settled:3bd532b8-e6da-4da3-817f-dac04c90b8eb,360,,3bVUQUWfroMh0Iu3FOqXgd3Rp9z2,habibaalsaid761,7160,23:21,1787174491759,2026-08-19 21:19:02.279143+00,false,,,true,1787426727036,mohamedeltayebreyad222
e864b48c-f65e-44ff-8ec4-d2da495147c5,2026-07-27,ايرادات,شيفت صباحي,,4585,,YnGgwRjB33bhLbTtq5RSBQ8SYxG3,eltayebsayed07,5350,20:13,1785175985567,2026-07-27 18:10:36.456304+00,false,,,false,,
e8bf6879-d16d-4150-a4c8-07cb4542d2a3,2026-08-29,طلبيات,ص. الطيبي,,550,,3bVUQUWfroMh0Iu3FOqXgd3Rp9z2,habibaalsaid761,4930,16:51,1788015090455,2026-08-29 14:49:03.26593+00,false,,,false,,
e92fd6a5-434f-449f-a549-9094667f01ae,2026-08-13,ايرادات,شيفت صباحي,,2225,زياده 10,3bVUQUWfroMh0Iu3FOqXgd3Rp9z2,habibaalsaid761,13815,16:07,1786630024894,2026-08-13 14:04:33.9599+00,false,,,false,,
e93929e6-c3f5-4a37-a1bf-62b87d394b1d,2026-08-06,طلبيات,مستورد,,950,,zjRlLH5xqnM5cpimCUlhuOXDB6U2,helmgza,2145,19:49,1786038594992,2026-08-06 17:47:22.829938+00,true,1786707854057,mohamedeltayebreyad222,false,,
e96b458e-957a-495d-8f40-c555aad0431d,2026-08-16,ذمم اونلاين,محفظة الصيدلية,,250,مها حياه,3bVUQUWfroMh0Iu3FOqXgd3Rp9z2,habibaalsaid761,11020,15:04,1786885447396,2026-08-16 13:01:36.666319+00,true,1787427181796,mohamedeltayebreyad222,true,1787593229928,mohamedeltayebreyad222
e9e3c1e5-767d-4d85-891b-d27e4ae29333,2026-08-12,مصاريف,رواتب,محمد,50,,zjRlLH5xqnM5cpimCUlhuOXDB6U2,helmgza,7480,00:09,1786572546935,2026-08-12 22:06:35.502401+00,false,1786711969638,mohamedeltayebreyad222,false,,
ea21aea1-f9c9-4837-92d7-b3ae314e35c5,2026-07-25,طلبيات,نفرتيتي,,465,,YnGgwRjB33bhLbTtq5RSBQ8SYxG3,eltayebsayed07,7925,15:17,1784985474789,2026-07-25 13:15:26.468804+00,true,1785192901257,mohamedeltayebreyad222,false,,
ea378540-ec85-4301-82f4-7fac81f2e8b0,2026-07-28,مصاريف,كهرباء,,1200,كهرباء اللوحات الخارجية 5 شهور,rDALGpUJulVTVGwLLgFcUL1Na6b2,mohamedeltayebreyad222,4510,02:09,1785193768283,2026-07-27 23:09:29.316437+00,true,1785620846739,mohamedeltayebreyad222,false,,
ea9cf73e-a4e6-4719-ac4d-97c32730300b,2026-08-19,طلبيات,ماستر كوزمو,,570,,3bVUQUWfroMh0Iu3FOqXgd3Rp9z2,habibaalsaid761,7595,19:45,1787161516812,2026-08-19 17:42:47.448358+00,true,1787432954443,mohamedeltayebreyad222,false,,
eb312233-c615-4c3d-98b0-f535209d6313,2026-08-28,ايرادات,شيفت صباحي,,1870,,3bVUQUWfroMh0Iu3FOqXgd3Rp9z2,habibaalsaid761,6260,17:46,1787931981461,2026-08-28 15:43:54.597992+00,false,,,false,,
eb7c57cf-d34c-42d8-908b-ac3a1fde53a9,2026-07-20,مصاريف,رواتب,حبيبة,50,,3bVUQUWfroMh0Iu3FOqXgd3Rp9z2,habibaalsaid761,8190,17:17,1784560633639,2026-07-20 15:14:47.29052+00,true,1786711809624,mohamedeltayebreyad222,false,,
ebffdd30-a0bd-40fc-a62a-e1ca9f4f97bc,2026-08-22,مصاريف,رواتب,حسين,1000,,3bVUQUWfroMh0Iu3FOqXgd3Rp9z2,habibaalsaid761,15000,01:44,1787355852187,2026-08-21 23:41:44.05687+00,false,,,false,,
ecbd4813-b548-4830-a7cc-e50534194be2,2026-07-19,طلبيات,اليكس سيوتكس,22288,570,,zjRlLH5xqnM5cpimCUlhuOXDB6U2,helmgza,9540,11:37,1784453830290,2026-07-19 09:34:44.264231+00,true,1785191926604,mohamedeltayebreyad222,false,,
ece353c0-978e-4164-ba22-92e0cf4d68eb,2026-08-25,مصاريف,رواتب,حبيبة,300,,3bVUQUWfroMh0Iu3FOqXgd3Rp9z2,habibaalsaid761,10070,16:04,1787666668171,2026-08-25 14:02:00.891504+00,false,,,false,,
ececa944-4749-4905-b04c-c070db2f323f,2026-08-26,مصاريف,رواتب,د.محمد,1000,,rDALGpUJulVTVGwLLgFcUL1Na6b2,mohamedeltayebreyad222,9495,00:45,1787694338113,2026-08-25 21:45:37.587573+00,false,,,false,,
ecf01c7c-0b2f-47a5-a563-93289ba3bb97,2026-08-19,ذمم اونلاين,انستا باي,settled:c3227479-e06b-45e7-bb5d-31edd37b3776,55,,3bVUQUWfroMh0Iu3FOqXgd3Rp9z2,habibaalsaid761,7520,20:58,1787165884941,2026-08-19 18:55:35.470316+00,false,,,true,1787426727036,mohamedeltayebreyad222
ed561e54-d8d9-4171-8acc-0e23f7340da9,2026-08-24,طلبيات,فارما جروب,25596//25585//25589,6600,,3bVUQUWfroMh0Iu3FOqXgd3Rp9z2,habibaalsaid761,3645,11:58,1787565533514,2026-08-24 09:56:25.107828+00,true,1787684644444,mohamedeltayebreyad222,false,,
edf1b836-f691-4b5f-a7d6-59df304f9766,2026-07-12,طلبيات,ميراميديكال,,1270,,zjRlLH5xqnM5cpimCUlhuOXDB6U2,helmgza,5995,19:48,1783878523068,2026-07-12 17:46:19.568166+00,true,1784397865790,mohamedeltayebreyad222,false,,
eeb29b16-fc40-470d-bf3b-12867b871b0c,2026-08-29,طلبيات,تارجت,75589,885,,3bVUQUWfroMh0Iu3FOqXgd3Rp9z2,habibaalsaid761,3595,18:28,1788020930722,2026-08-29 16:26:23.552865+00,false,,,false,,
ef640f4b-f993-4566-899e-ac2c6b41ddfe,2026-07-21,طلبيات,هيلثى فارم,23165,860,,zjRlLH5xqnM5cpimCUlhuOXDB6U2,helmgza,7065,17:32,1784647946865,2026-07-21 15:30:00.312244+00,true,1785193031730,mohamedeltayebreyad222,false,,
efb3fd15-fbc3-4c38-8fc7-dba87e708f2f,2026-07-25,طلبيات,ميديسين,,755,مرتجع برونكو فاكسوم,YnGgwRjB33bhLbTtq5RSBQ8SYxG3,eltayebsayed07,15255,19:59,1785002377319,2026-07-25 17:57:08.91365+00,true,1785191636028,mohamedeltayebreyad222,false,,
efe60a18-7176-405e-b998-7ee7a0f79b69,2026-08-21,مصاريف,باقه,,75,,3bVUQUWfroMh0Iu3FOqXgd3Rp9z2,habibaalsaid761,9170,16:13,1787321605625,2026-08-21 14:10:57.226657+00,false,,,false,,
eIji2vfFmZiAWMbDCpdQ,2026-07-04,مصاريف,رواتب,حسين,500,,rDALGpUJulVTVGwLLgFcUL1Na6b2,محمد التايب,-950,,1783197667749,2026-07-08 22:09:58.316966+00,true,1786711809624,mohamedeltayebreyad222,false,,
f07a4038-205b-429b-bafb-7a383b8d0f8b,2026-08-02,ايرادات,شيفت مسائي,,11525,,zjRlLH5xqnM5cpimCUlhuOXDB6U2,helmgza,12595,01:49,1785628176826,2026-08-01 23:47:05.689591+00,false,,,false,,
f086fee6-79a1-4023-b7fb-b11ec7535e33,2026-07-12,مصاريف,مواصلات,,20,,zjRlLH5xqnM5cpimCUlhuOXDB6U2,helmgza,6190,17:38,1783870680614,2026-07-12 15:35:37.127604+00,true,1784398369257,mohamedeltayebreyad222,false,,
f0a7b584-b7f2-4d94-9703-3c045abc1b74,2026-08-12,طلبيات,الابرار,,605,,zjRlLH5xqnM5cpimCUlhuOXDB6U2,helmgza,10375,17:38,1786549087922,2026-08-12 15:35:36.557277+00,true,1786705520810,mohamedeltayebreyad222,false,,
f0e29035-4885-40bc-b604-f40ef46f3ae8,2026-08-02,طلبيات,فارما جروب,,1105,,zjRlLH5xqnM5cpimCUlhuOXDB6U2,helmgza,1085,17:07,1785683278243,2026-08-02 15:05:26.991714+00,true,1786708298049,mohamedeltayebreyad222,false,,
f0f90a1a-73c8-46b7-80c0-9fae8d5d287a,2026-08-20,طلبيات,تراست,,990,,3bVUQUWfroMh0Iu3FOqXgd3Rp9z2,habibaalsaid761,6795,16:47,1787237254448,2026-08-20 14:45:05.957786+00,true,1787431327457,mohamedeltayebreyad222,false,,
f1644a46-6d9b-412e-8dee-3b000ce63adb,2026-08-05,ايرادات,شيفت مسائي,,7480,125 زياده,YnGgwRjB33bhLbTtq5RSBQ8SYxG3,eltayebsayed07,8365,02:38,1785890320435,2026-08-05 00:36:08.316171+00,false,,,false,,
f1753400-b009-449d-8199-d72f0d9c094e,2026-08-06,ايرادات,شيفت صباحي,,2905,,zjRlLH5xqnM5cpimCUlhuOXDB6U2,helmgza,9655,17:24,1786029869218,2026-08-06 15:21:56.984999+00,false,,,false,,
f1f34dc1-2d48-475a-abf0-d610d3c0b889,2026-08-27,مصاريف,مياه,,365,,zjRlLH5xqnM5cpimCUlhuOXDB6U2,helmgza,5550,17:22,1787844130920,2026-08-27 15:19:43.9924+00,false,,,false,,
f200154e-3cd2-4653-899e-665bcb323b34,2026-07-30,طلبيات,نيو ميديسن,,795,,YnGgwRjB33bhLbTtq5RSBQ8SYxG3,eltayebsayed07,8885,18:13,1785428004761,2026-07-30 16:10:54.148807+00,true,1785526626892,mohamedeltayebreyad222,false,,
f24d1002-42ab-4661-aecb-a9458744a75a,2026-08-22,ذمم اونلاين,محفظة الصيدلية,,1085,,zjRlLH5xqnM5cpimCUlhuOXDB6U2,helmgza,14550,22:34,1787430866520,2026-08-22 20:31:58.345728+00,true,1787593123759,mohamedeltayebreyad222,true,1787593229928,mohamedeltayebreyad222
f29708fb-571a-4db7-8d50-d4aec73b0b2e,2026-07-10,مصاريف,مستلزمات نظافة,,60,,zjRlLH5xqnM5cpimCUlhuOXDB6U2,helmgza,13480,17:42,1783698144246,2026-07-10 15:40:01.673029+00,true,1784398335605,mohamedeltayebreyad222,false,,
f2b8482d-ab24-4f76-ad6f-b38b446eb410,2026-08-30,مصاريف,رواتب,حودة,100,,zjRlLH5xqnM5cpimCUlhuOXDB6U2,helmgza,17440,23:06,1788123986051,2026-08-30 21:03:59.239015+00,false,,,false,,
f33caa5c-9823-431d-b900-3405d1f1052f,2026-08-09,ايرادات,شيفت مسائي,,8130,زيادة 50,zjRlLH5xqnM5cpimCUlhuOXDB6U2,helmgza,13850,01:53,1786319633311,2026-08-09 23:51:21.155632+00,false,,,false,,
f43005ff-4fc1-4968-8dc6-a42b5b6c4478,2026-08-23,ايرادات,شيفت مسائي,,8540,,YnGgwRjB33bhLbTtq5RSBQ8SYxG3,eltayebsayed07,11995,00:53,1787525604880,2026-08-23 22:50:56.495237+00,false,,,false,,
f495fa7c-9a1a-49f9-9683-f844f532a631,2026-07-31,ايرادات,شيفت مسائي,,5030,عجز 90 جنيه,zjRlLH5xqnM5cpimCUlhuOXDB6U2,helmgza,16810,02:23,1785543809367,2026-08-01 00:20:58.689722+00,false,,,false,,
f56e1d6e-5d69-48c4-9ab8-7c4db7ed4634,2026-08-27,طلبيات,الصيادلة المصريين,,830,,zjRlLH5xqnM5cpimCUlhuOXDB6U2,helmgza,5915,17:20,1787844048081,2026-08-27 15:18:21.163912+00,false,,,false,,
f599de18-7fea-422c-8991-8e176269a80e,2026-08-06,ذمم اونلاين,محفظة الصيدلية,,280,,zjRlLH5xqnM5cpimCUlhuOXDB6U2,helmgza,1865,21:42,1786045357673,2026-08-06 19:40:05.476883+00,true,1786226955647,mohamedeltayebreyad222,true,1786714726846,mohamedeltayebreyad222
f6daa320-b645-491b-a101-0cb5bc9b9650,2026-07-23,طلبيات,شراء ادوية 50%,,500,,zjRlLH5xqnM5cpimCUlhuOXDB6U2,helmgza,8980,21:15,1784834113805,2026-07-23 19:12:46.08852+00,true,1785001407368,mohamedeltayebreyad222,false,,
f6f59ece-dd12-4767-92f6-b95f9867d96a,2026-07-25,ارباح,أرباح الشهر,,2000,,rDALGpUJulVTVGwLLgFcUL1Na6b2,mohamedeltayebreyad222,45540,00:00,1785013257318,2026-07-25 21:00:57.171082+00,false,,,true,1786715789486,mohamedeltayebreyad222
f7f21a94-e91c-4af9-926d-c481dcef7b65,2026-08-21,ذمم اونلاين,محفظة الصيدلية,,200,,3bVUQUWfroMh0Iu3FOqXgd3Rp9z2,habibaalsaid761,12185,23:02,1787346122912,2026-08-21 20:59:34.431152+00,true,1787427127203,mohamedeltayebreyad222,true,1787593229928,mohamedeltayebreyad222
f8aecf34-cb52-4578-aacf-5e9cce6cdf08,2026-07-27,مصاريف,رواتب,محمد,200,,YnGgwRjB33bhLbTtq5RSBQ8SYxG3,eltayebsayed07,4280,23:13,1785186783023,2026-07-27 21:10:33.812431+00,true,1786711809624,mohamedeltayebreyad222,false,,
f9020519-b8d5-4f26-aa67-411591d7f6ea,2026-08-04,طلبيات,ميراميديكال,,2885,,YnGgwRjB33bhLbTtq5RSBQ8SYxG3,eltayebsayed07,5465,17:54,1785858877945,2026-08-04 15:52:06.029552+00,true,1786705832467,mohamedeltayebreyad222,false,,
f92fe32e-3b7e-48da-951c-6b6391944d08,2026-07-10,مصاريف,رواتب,حسين,200,عجز 200,rDALGpUJulVTVGwLLgFcUL1Na6b2,mohamedeltayebreyad222,9795,02:13,1783725236279,2026-07-10 23:13:56.927745+00,true,1786711809624,mohamedeltayebreyad222,false,,
f9bdd8f3-66bf-4419-bbcb-1b904e1d6b58,2026-07-28,طلبيات,فارما جروب,262668//262674//262679,5780,,zjRlLH5xqnM5cpimCUlhuOXDB6U2,helmgza,2740,11:55,1785232528551,2026-07-28 09:52:58.669021+00,true,1785529313574,mohamedeltayebreyad222,false,,
f9f04a3f-1b4d-4b5d-8105-b9a4ba21893c,2026-07-29,مصاريف,توصيلات (دليفري / مشاوير),,30,,zjRlLH5xqnM5cpimCUlhuOXDB6U2,helmgza,5705,19:25,1785345945224,2026-07-29 17:23:15.335696+00,true,1785618915472,mohamedeltayebreyad222,false,,
fa2b331a-6de6-4661-bb96-0dc479da7166,2026-08-16,طلبيات,نيو طيبة,,945,,3bVUQUWfroMh0Iu3FOqXgd3Rp9z2,habibaalsaid761,10075,15:05,1786885546566,2026-08-16 13:03:15.828653+00,true,1787433558084,mohamedeltayebreyad222,false,,
fab87a80-d67d-41e3-8d0b-7fe861ce77a7,2026-07-14,طلبيات,شراء ادوية 50%,,45,,zjRlLH5xqnM5cpimCUlhuOXDB6U2,helmgza,6990,17:51,1784044293671,2026-07-14 15:49:09.261304+00,true,1784394829807,mohamedeltayebreyad222,false,,
fb0dff82-a25f-407d-a5c3-79a6949de8c7,2026-08-20,مصاريف,توصيل,,30,,3bVUQUWfroMh0Iu3FOqXgd3Rp9z2,habibaalsaid761,15200,13:04,1787223888434,2026-08-20 11:02:19.984117+00,false,,,false,,
fb7fa645-1eaa-4f1e-8256-49e4715227c0,2026-08-17,مصاريف,شاي / قهوة,,25,,YnyOSR0xMMRKYHqcWf9Byd0XQsG2,طارق التايب,10665,15:30,1786973439538,2026-08-17 13:28:09.597349+00,false,,,false,,
fb95100b-1594-47f1-b71a-b804d85e3173,2026-07-23,مصاريف,رواتب,محمد,100,,zjRlLH5xqnM5cpimCUlhuOXDB6U2,helmgza,8390,00:28,1784845718126,2026-07-23 22:26:10.598324+00,true,1786711809624,mohamedeltayebreyad222,false,,
fc29bacf-1ba5-4a3c-af3f-56d2585a0e73,2026-08-03,ايرادات,شيفت صباحي,,5240,,3bVUQUWfroMh0Iu3FOqXgd3Rp9z2,habibaalsaid761,15885,16:17,1785766640404,2026-08-03 14:14:48.637776+00,false,,,false,,
fc4afadb-ade4-4946-a5d6-04821289ec6b,2026-08-01,طلبيات,ميجا ستور,,275,,zjRlLH5xqnM5cpimCUlhuOXDB6U2,helmgza,10260,18:11,1785600700680,2026-08-01 16:09:09.644412+00,true,1785618686110,mohamedeltayebreyad222,false,,
fc737044-d13b-491e-acd9-8e059654d0bb,2026-08-29,مصاريف,رواتب,السيد,100,,3bVUQUWfroMh0Iu3FOqXgd3Rp9z2,habibaalsaid761,2130,21:06,1788030392466,2026-08-29 19:04:05.348271+00,false,,,false,,
fc8b4355-ba1d-4350-b629-56c38d25aea4,2026-07-20,طلبيات,اليكس واي,,655,,zjRlLH5xqnM5cpimCUlhuOXDB6U2,helmgza,13245,12:08,1784542137234,2026-07-20 10:06:30.956104+00,true,1785191441303,mohamedeltayebreyad222,false,,
fd0c3128-dcd7-4cff-89ed-e0ef87e4f8f6,2026-08-17,ايرادات,شيفت صباحي,,4460,,YnyOSR0xMMRKYHqcWf9Byd0XQsG2,طارق التايب,15125,17:21,1786980116535,2026-08-17 15:19:26.606717+00,false,,,false,,
fd545a69-f4e4-4a4e-a3d9-6dc6655100dc,2026-07-31,مصاريف,رواتب,حسين,1150,,zjRlLH5xqnM5cpimCUlhuOXDB6U2,helmgza,3170,19:38,1785605907318,2026-08-01 17:35:56.172824+00,true,1786711809624,mohamedeltayebreyad222,false,,
fe2f7561-d537-479f-8c30-90aafd66f5b8,2026-08-24,مصاريف,رواتب,طارق,1000,,YnGgwRjB33bhLbTtq5RSBQ8SYxG3,eltayebsayed07,10245,00:57,1787525827641,2026-08-23 22:54:39.366567+00,false,,,false,,
fe37b905-c21b-4dcf-af4c-10a8cb606d54,2026-07-21,طلبيات,ميجا ستور,,740,,zjRlLH5xqnM5cpimCUlhuOXDB6U2,helmgza,6325,18:15,1784650515413,2026-07-21 16:12:48.838781+00,true,1785191786146,mohamedeltayebreyad222,false,,
fed348a3-2675-4398-be08-f1292ba68a3a,2026-08-19,مصاريف,أدوات مكتبية,,20,,3bVUQUWfroMh0Iu3FOqXgd3Rp9z2,habibaalsaid761,7575,19:58,1787162334033,2026-08-19 17:56:24.640426+00,false,,,false,,
ff2402d6-3112-4909-8894-ad909d102fcb,2026-08-18,طلبيات,الابرار,,905,بعد مرتجع ريكوكسيبرايت 60,YnyOSR0xMMRKYHqcWf9Byd0XQsG2,طارق التايب,11540,13:00,1787050829630,2026-08-18 10:57:59.693718+00,true,1787430968074,mohamedeltayebreyad222,false,,
ff933119-a90e-4a66-8480-eb95688c9bb9,2026-08-10,طلبيات,شراء ادوية 50%,,1030,,zjRlLH5xqnM5cpimCUlhuOXDB6U2,helmgza,12260,21:14,1786389256606,2026-08-10 19:11:44.728208+00,true,1786707710215,mohamedeltayebreyad222,false,,
ffa4571c-9eb7-45f7-9017-04a8dd6ca3ff,2026-07-29,طلبيات,فارما جروب,264423,1045,,zjRlLH5xqnM5cpimCUlhuOXDB6U2,helmgza,4115,17:05,1785337502027,2026-07-29 15:02:32.284817+00,true,1785529313574,mohamedeltayebreyad222,false,,
ffe8d162-1771-4085-9402-40a268bc1e1c,2026-07-31,مصاريف,إنترنت,,80,شحن باقة تيليفون,zjRlLH5xqnM5cpimCUlhuOXDB6U2,helmgza,13805,20:40,1785523206701,2026-07-31 18:37:36.093747+00,true,1785618948380,mohamedeltayebreyad222,false,,
ffe9c66d-520e-4bb9-bbd3-5939809ccea9,2026-08-01,ايرادات,شيفت صباحي,,2795,,zjRlLH5xqnM5cpimCUlhuOXDB6U2,helmgza,11185,17:47,1785599272513,2026-08-01 15:45:21.390804+00,false,,,false,,
FFqmnNbQhYfW9rhJPwiG,2026-07-06,طلبيات,ميراميديكال,63116,1015,,zjRlLH5xqnM5cpimCUlhuOXDB6U2,حسين احمد,5890,,1783345472293,2026-07-08 22:09:58.316966+00,true,1783462068239,محمد التايب,false,,
fiAgYdTCD7KToydlZT3H,2026-07-05,طلبيات,شراء ادوية 50%,,20,,YnGgwRjB33bhLbTtq5RSBQ8SYxG3,السيد التايب,2300,,1783275369334,2026-07-08 22:09:58.316966+00,true,1783462152182,محمد التايب,false,,
gsCj0uQiW7RaZg6JbFu1,2026-07-05,ايرادات,شيفت صباحي,,3290,زيادة 50 ج,YnGgwRjB33bhLbTtq5RSBQ8SYxG3,السيد التايب,3750,,1783267859554,2026-07-08 22:09:58.316966+00,true,1783466164443,محمد التايب,false,,
gU2mqzQ5XCR5GoEcYWtq,2026-07-07,مصاريف,اكياس,,20,,3bVUQUWfroMh0Iu3FOqXgd3Rp9z2,حبيبه ابراهيم,6845,13:40,1783424449802,2026-07-08 22:09:58.316966+00,true,1783463211985,محمد التايب,false,,
H6gxbQOwRw1jwiRNxTLZ,2026-07-06,مصاريف,عجلة,,50,,zjRlLH5xqnM5cpimCUlhuOXDB6U2,حسين احمد,9880,,1783338517126,2026-07-08 22:09:58.316966+00,true,1783463257195,محمد التايب,false,,
ivdztEPui1kHIV2NpxyX,2026-07-05,مصاريف,رواتب,حبيبة,300,,YnGgwRjB33bhLbTtq5RSBQ8SYxG3,السيد التايب,3450,,1783267983055,2026-07-08 22:09:58.316966+00,true,1786711809624,mohamedeltayebreyad222,false,,
jikvwnTsIj4vSnxMqcfk,2026-07-05,مصاريف,مواصلات,,45,,YnGgwRjB33bhLbTtq5RSBQ8SYxG3,السيد التايب,1455,,1783284962824,2026-07-08 22:09:58.316966+00,true,1783463367654,محمد التايب,false,,
jjv7GT9J0I0CV9GcZmJr,2026-07-05,طلبيات,3N,15563,1125,,YnGgwRjB33bhLbTtq5RSBQ8SYxG3,السيد التايب,7765,,1783241538461,2026-07-08 22:09:58.316966+00,true,1783460520266,محمد التايب,false,,
KOSJmJMNl2BVtYs6PT8u,2026-07-08,طلبيات,ميراميديكال,65809,825,,zjRlLH5xqnM5cpimCUlhuOXDB6U2,حسين احمد,9315,20:15,1783534510686,2026-07-08 22:09:58.316966+00,true,1784397865790,mohamedeltayebreyad222,false,,
KqOby8wDl0Ib1jrSqN2h,2026-07-07,ايرادات,شيفت مسائي,,6110,عجز 30 جنيه,zjRlLH5xqnM5cpimCUlhuOXDB6U2,حسين احمد,16280,02:03,1783468991308,2026-07-08 22:09:58.316966+00,false,,,false,,
kQRravURTizIb4jGJRsX,2026-07-04,مصاريف,رواتب,محمد,100,,rDALGpUJulVTVGwLLgFcUL1Na6b2,محمد التايب,-100,,1783197627232,2026-07-08 22:09:58.316966+00,true,1786711809624,mohamedeltayebreyad222,false,,
leyDDheWg9KJM534R0qh,2026-07-06,طلبيات,كير,,215,,zjRlLH5xqnM5cpimCUlhuOXDB6U2,حسين احمد,4575,,1783356266761,2026-07-08 22:09:58.316966+00,true,1783461830109,محمد التايب,false,,
LJpECXQPWh3arwu7P4F2,2026-07-06,طلبيات,فارما جروب,240634,1000,,zjRlLH5xqnM5cpimCUlhuOXDB6U2,حسين احمد,4790,,1783348774593,2026-07-08 22:09:58.316966+00,true,1783461428631,محمد التايب,false,,
lqIFGuq9Oo7veJ32rzbK,2026-07-06,طلبيات,الصيادلة المصريين,18530,830,,zjRlLH5xqnM5cpimCUlhuOXDB6U2,حسين احمد,9050,,1783338589053,2026-07-08 22:09:58.316966+00,true,1783460631007,محمد التايب,false,,
muDUCutwpLQFY69QAxON,2026-07-06,طلبيات,اليكس واي,اليكس واي,1315,,zjRlLH5xqnM5cpimCUlhuOXDB6U2,حسين احمد,10535,,1783336112005,2026-07-08 22:09:58.316966+00,true,1783460779835,محمد التايب,false,,
NAy9TyVWDtQJf1uF8k9I,2026-07-08,طلبيات,فارما جروب,242375//242389//24371//242366,7815,,zjRlLH5xqnM5cpimCUlhuOXDB6U2,حسين احمد,8465,11:56,1783504592419,2026-07-08 22:09:58.316966+00,true,1784395987161,mohamedeltayebreyad222,false,,
nsSl1QBCkwhH8P034p0Y,2026-07-07,ايرادات,شيفت صباحي,,6190,,3bVUQUWfroMh0Iu3FOqXgd3Rp9z2,حبيبه ابراهيم,11700,21:56,1783454165490,2026-07-08 22:09:58.316966+00,true,1783466155260,محمد التايب,false,,
pHaO4RxAWuJmvjl6FZ4c,2026-07-06,طلبيات,اليكس سيوتكس,16230,565,,zjRlLH5xqnM5cpimCUlhuOXDB6U2,حسين احمد,6905,,1783344412878,2026-07-08 22:09:58.316966+00,true,1783460707585,محمد التايب,false,,
q7dXBU00n3uslAeCRG86,2026-07-05,طلبيات,اليكس واي,24974,720,,YnGgwRjB33bhLbTtq5RSBQ8SYxG3,السيد التايب,2915,,1783246919670,2026-07-08 22:09:58.316966+00,true,1783460781031,محمد التايب,false,,
QIkeqdrt06mFQn4NOpju,2026-07-06,طلبيات,فارما بروفايدرز,53540,605,,zjRlLH5xqnM5cpimCUlhuOXDB6U2,حسين احمد,9930,,1783336263273,2026-07-08 22:09:58.316966+00,true,1783461018360,محمد التايب,false,,
r03ldxZp9T80qpUuLmKQ,2026-07-07,مصاريف,اكياس,,90,,YnGgwRjB33bhLbTtq5RSBQ8SYxG3,السيد التايب,6145,,1783378823144,2026-07-08 22:09:58.316966+00,true,1783463212356,محمد التايب,false,,
uh9wA7HT3sSxO7aVdFaM,2026-07-05,مصاريف,رواتب,السيد,700,,YnGgwRjB33bhLbTtq5RSBQ8SYxG3,السيد التايب,1655,,1783288740463,2026-07-08 22:09:58.316966+00,true,1786711809624,mohamedeltayebreyad222,false,,
uvkVMWaX1WDKdK2D0wiL,2026-07-08,طلبيات,تارجت,9986,830,,zjRlLH5xqnM5cpimCUlhuOXDB6U2,حسين احمد,12250,18:32,1783528343889,2026-07-08 22:09:58.316966+00,true,1784393964700,mohamedeltayebreyad222,false,,
v1c2kU7GrPwGGbNwnyik,2026-07-06,مصاريف,عجلة,,120,,zjRlLH5xqnM5cpimCUlhuOXDB6U2,حسين احمد,7470,,1783341755849,2026-07-08 22:09:58.316966+00,true,1783463258691,محمد التايب,false,,
vKiwS60UMjMo64SQDE6t,2026-07-04,ايرادات,شيفت مسائي,,10490,300 جنيه زيادة,rDALGpUJulVTVGwLLgFcUL1Na6b2,محمد التايب,13890,,1783206709218,2026-07-08 22:09:58.316966+00,true,1783466165103,محمد التايب,false,,
VwkJOHJd5UJZIrGWRLsE,2026-07-06,طلبيات,ماستر كوزمو,,1775,,zjRlLH5xqnM5cpimCUlhuOXDB6U2,حسين احمد,1815,,1783357815350,2026-07-08 22:09:58.316966+00,true,1783461861203,محمد التايب,false,,
VZA4KwQQiiAeuwQtITKq,2026-07-06,مصاريف,مواصلات,,20,,zjRlLH5xqnM5cpimCUlhuOXDB6U2,حسين احمد,1635,,1783294003644,2026-07-08 22:09:58.316966+00,true,1783463368831,محمد التايب,false,,
wlEzW8y6JVvxfVN1sUwP,2026-07-08,ايرادات,شيفت صباحي,,4615,,zjRlLH5xqnM5cpimCUlhuOXDB6U2,حسين احمد,13080,17:37,1783525059005,2026-07-08 22:09:58.316966+00,false,1783550965571,mohamedeltayebreyad222,false,,
Xm7l80AkvVA6ngRHLVxl,2026-07-06,ايرادات,شيفت مسائي,,6855,,YnGgwRjB33bhLbTtq5RSBQ8SYxG3,السيد التايب,13000,,1783380188573,2026-07-08 22:09:58.316966+00,true,1783466157359,محمد التايب,false,,
xQFqvhnu7b97db1RhrD0,2026-07-04,طلبيات,ميراميديكال,,315,,rDALGpUJulVTVGwLLgFcUL1Na6b2,محمد التايب,-1265,,1783197778467,2026-07-08 22:09:58.316966+00,true,1783462070649,محمد التايب,false,,
Ynr3jxGieS8LXLDLzfIk,2026-07-07,طلبيات,فارما جروب,241232//241225//41236,4835,,3bVUQUWfroMh0Iu3FOqXgd3Rp9z2,حبيبه ابراهيم,6865,12:24,1783419879979,2026-07-08 22:09:58.316966+00,true,1783461427008,محمد التايب,false,,
z4fz90W27FxovRsBIrah,2026-07-05,طلبيات,سبشيال فارما,25673,915,,YnGgwRjB33bhLbTtq5RSBQ8SYxG3,السيد التايب,2000,,1783252166411,2026-07-08 22:09:58.316966+00,true,1783460813343,محمد التايب,false,,
zhcf9VPZRd9dMHJvnM9e,2026-07-06,طلبيات,نيو طيبة,,770,مرتجع 232,zjRlLH5xqnM5cpimCUlhuOXDB6U2,حسين احمد,1045,,1783357836951,2026-07-08 22:09:58.316966+00,true,1783462111988,محمد التايب,false,,
ZStQB4rFtJIeIm907MsX,2026-07-05,ايرادات,شيفت مسائي,,7050,زياده 50 جنيه,zjRlLH5xqnM5cpimCUlhuOXDB6U2,حسين احمد,8690,,1783294528902,2026-07-08 22:09:58.316966+00,true,1783466162732,محمد التايب,false,,
